match_code,player_id,date
115903,16723,Tue 22 Oct 2024
115903,16035,Tue 22 Oct 2024
115903,139648,Tue 22 Oct 2024
115903,37221,Tue 22 Oct 2024
115903,10439,Tue 22 Oct 2024
115903,14238,Tue 22 Oct 2024
115903,51593,Tue 22 Oct 2024
115903,23702,Tue 22 Oct 2024
115903,115172,Tue 22 Oct 2024
115903,49259,Tue 22 Oct 2024
115903,3756,Tue 22 Oct 2024
115903,147272,Tue 22 Oct 2024
115903,23811,Tue 22 Oct 2024
115903,53085,Tue 22 Oct 2024
115903,16204,Tue 22 Oct 2024
115903,67510,Tue 22 Oct 2024
115903,10933,Tue 22 Oct 2024
115903,144693,Tue 22 Oct 2024
115903,133025,Tue 22 Oct 2024
115903,15340,Tue 22 Oct 2024
115903,13988,Tue 22 Oct 2024
115903,14575,Tue 22 Oct 2024
115903,76104,Tue 22 Oct 2024
115903,14569,Tue 22 Oct 2024
115903,76353,Tue 22 Oct 2024
115903,37776,Tue 22 Oct 2024
115903,24334,Tue 22 Oct 2024
115903,49759,Tue 22 Oct 2024
115903,8589,Tue 22 Oct 2024
115903,21584,Tue 22 Oct 2024
115903,14451,Tue 22 Oct 2024
115903,10827,Tue 22 Oct 2024
115903,3929,Tue 22 Oct 2024
115903,4604,Tue 22 Oct 2024
115903,127828,Tue 22 Oct 2024
115903,125106,Tue 22 Oct 2024
115903,69595,Tue 22 Oct 2024
115903,8980,Tue 22 Oct 2024
115903,49796,Tue 22 Oct 2024
115903,20874,Tue 22 Oct 2024
115906,15715,Sun 20 Oct 2024
115906,92635,Sun 20 Oct 2024
115906,4198,Sun 20 Oct 2024
115906,43010,Sun 20 Oct 2024
115906,71432,Sun 20 Oct 2024
115906,16642,Sun 20 Oct 2024
115906,133679,Sun 20 Oct 2024
115906,5583,Sun 20 Oct 2024
115906,143214,Sun 20 Oct 2024
115906,35670,Sun 20 Oct 2024
115906,51202,Sun 20 Oct 2024
115906,9651,Sun 20 Oct 2024
115906,4229,Sun 20 Oct 2024
115906,147032,Sun 20 Oct 2024
115906,24637,Sun 20 Oct 2024
115906,126108,Sun 20 Oct 2024
115906,19814,Sun 20 Oct 2024
115906,108947,Sun 20 Oct 2024
115906,11130,Sun 20 Oct 2024
115906,74608,Sun 20 Oct 2024
115906,12707,Sun 20 Oct 2024
115906,99281,Sun 20 Oct 2024
115906,4505,Sun 20 Oct 2024
115906,16431,Sun 20 Oct 2024
115906,67178,Sun 20 Oct 2024
115906,5101,Sun 20 Oct 2024
115906,12520,Sun 20 Oct 2024
115906,5067,Sun 20 Oct 2024
115906,54156,Sun 20 Oct 2024
115906,126943,Sun 20 Oct 2024
115906,65970,Sun 20 Oct 2024
115906,47133,Sun 20 Oct 2024
115906,2250,Sun 20 Oct 2024
115906,15656,Sun 20 Oct 2024
115906,4499,Sun 20 Oct 2024
115906,4260,Sun 20 Oct 2024
115906,112948,Sun 20 Oct 2024
115906,49270,Sun 20 Oct 2024
115906,76204,Sun 20 Oct 2024
115906,14805,Sun 20 Oct 2024
115900,14723,Sun 20 Oct 2024
115900,10458,Sun 20 Oct 2024
115900,23593,Sun 20 Oct 2024
115900,5140,Sun 20 Oct 2024
115900,14732,Sun 20 Oct 2024
115900,32894,Sun 20 Oct 2024
115900,33231,Sun 20 Oct 2024
115900,5178,Sun 20 Oct 2024
115900,23815,Sun 20 Oct 2024
115900,49909,Sun 20 Oct 2024
115900,19758,Sun 20 Oct 2024
115900,24807,Sun 20 Oct 2024
115900,51557,Sun 20 Oct 2024
115900,16006,Sun 20 Oct 2024
115900,10651,Sun 20 Oct 2024
115900,51574,Sun 20 Oct 2024
115900,63633,Sun 20 Oct 2024
115900,43586,Sun 20 Oct 2024
115900,70287,Sun 20 Oct 2024
115900,66669,Sun 20 Oct 2024
115900,14538,Sun 20 Oct 2024
115900,68827,Sun 20 Oct 2024
115900,14571,Sun 20 Oct 2024
115900,51229,Sun 20 Oct 2024
115900,13549,Sun 20 Oct 2024
115900,112203,Sun 20 Oct 2024
115900,14801,Sun 20 Oct 2024
115900,49293,Sun 20 Oct 2024
115900,67407,Sun 20 Oct 2024
115900,99282,Sun 20 Oct 2024
115900,110526,Sun 20 Oct 2024
115900,4511,Sun 20 Oct 2024
115900,53612,Sun 20 Oct 2024
115900,54893,Sun 20 Oct 2024
115900,63741,Sun 20 Oct 2024
115900,14706,Sun 20 Oct 2024
115900,119078,Sun 20 Oct 2024
115900,21998,Sun 20 Oct 2024
115900,16784,Sun 20 Oct 2024
115900,50856,Sun 20 Oct 2024
115905,71923,Sat 19 Oct 2024
115905,75582,Sat 19 Oct 2024
115905,66635,Sat 19 Oct 2024
115905,32229,Sat 19 Oct 2024
115905,126824,Sat 19 Oct 2024
115905,49316,Sat 19 Oct 2024
115905,50245,Sat 19 Oct 2024
115905,8456,Sat 19 Oct 2024
115905,49374,Sat 19 Oct 2024
115905,4999,Sat 19 Oct 2024
115905,10443,Sat 19 Oct 2024
115905,3170,Sat 19 Oct 2024
115905,69070,Sat 19 Oct 2024
115905,117596,Sat 19 Oct 2024
115905,117318,Sat 19 Oct 2024
115905,22802,Sat 19 Oct 2024
115905,133603,Sat 19 Oct 2024
115905,127853,Sat 19 Oct 2024
115905,23599,Sat 19 Oct 2024
115905,24630,Sat 19 Oct 2024
115905,5748,Sat 19 Oct 2024
115905,13522,Sat 19 Oct 2024
115905,63656,Sat 19 Oct 2024
115905,16803,Sat 19 Oct 2024
115905,14164,Sat 19 Oct 2024
115905,40159,Sat 19 Oct 2024
115905,8868,Sat 19 Oct 2024
115905,55776,Sat 19 Oct 2024
115905,25183,Sat 19 Oct 2024
115905,51364,Sat 19 Oct 2024
115905,9595,Sat 19 Oct 2024
115905,3309,Sat 19 Oct 2024
115905,8897,Sat 19 Oct 2024
115905,32638,Sat 19 Oct 2024
115905,7336,Sat 19 Oct 2024
115905,16268,Sat 19 Oct 2024
115905,40211,Sat 19 Oct 2024
115905,146354,Sat 19 Oct 2024
115905,8245,Sat 19 Oct 2024
115905,65961,Sat 19 Oct 2024
115898,4985,Sat 19 Oct 2024
115898,14624,Sat 19 Oct 2024
115898,23793,Sat 19 Oct 2024
115898,26151,Sat 19 Oct 2024
115898,4880,Sat 19 Oct 2024
115898,10476,Sat 19 Oct 2024
115898,21614,Sat 19 Oct 2024
115898,14445,Sat 19 Oct 2024
115898,4979,Sat 19 Oct 2024
115898,4717,Sat 19 Oct 2024
115898,11071,Sat 19 Oct 2024
115898,31671,Sat 19 Oct 2024
115898,49884,Sat 19 Oct 2024
115898,3894,Sat 19 Oct 2024
115898,128976,Sat 19 Oct 2024
115898,13961,Sat 19 Oct 2024
115898,14656,Sat 19 Oct 2024
115898,4818,Sat 19 Oct 2024
115898,14450,Sat 19 Oct 2024
115898,117763,Sat 19 Oct 2024
115898,4245,Sat 19 Oct 2024
115898,13344,Sat 19 Oct 2024
115898,12994,Sat 19 Oct 2024
115898,21529,Sat 19 Oct 2024
115898,5758,Sat 19 Oct 2024
115898,108096,Sat 19 Oct 2024
115898,5865,Sat 19 Oct 2024
115898,20489,Sat 19 Oct 2024
115898,23968,Sat 19 Oct 2024
115898,19888,Sat 19 Oct 2024
115898,8658,Sat 19 Oct 2024
115898,51901,Sat 19 Oct 2024
115898,51223,Sat 19 Oct 2024
115898,13274,Sat 19 Oct 2024
115898,26408,Sat 19 Oct 2024
115898,4115,Sat 19 Oct 2024
115898,51423,Sat 19 Oct 2024
115898,25067,Sat 19 Oct 2024
115898,64519,Sat 19 Oct 2024
115898,134048,Sat 19 Oct 2024
115901,11026,Sat 19 Oct 2024
115901,24252,Sat 19 Oct 2024
115901,20226,Sat 19 Oct 2024
115901,67191,Sat 19 Oct 2024
115901,3156,Sat 19 Oct 2024
115901,5793,Sat 19 Oct 2024
115901,23396,Sat 19 Oct 2024
115901,4845,Sat 19 Oct 2024
115901,13565,Sat 19 Oct 2024
115901,68987,Sat 19 Oct 2024
115901,122934,Sat 19 Oct 2024
115901,71744,Sat 19 Oct 2024
115901,33245,Sat 19 Oct 2024
115901,5066,Sat 19 Oct 2024
115901,118031,Sat 19 Oct 2024
115901,75381,Sat 19 Oct 2024
115901,50848,Sat 19 Oct 2024
115901,128366,Sat 19 Oct 2024
115901,69176,Sat 19 Oct 2024
115901,124366,Sat 19 Oct 2024
115901,33280,Sat 19 Oct 2024
115901,20113,Sat 19 Oct 2024
115901,22043,Sat 19 Oct 2024
115901,24659,Sat 19 Oct 2024
115901,65987,Sat 19 Oct 2024
115901,66360,Sat 19 Oct 2024
115901,42331,Sat 19 Oct 2024
115901,24369,Sat 19 Oct 2024
115901,49731,Sat 19 Oct 2024
115901,23194,Sat 19 Oct 2024
115901,127594,Sat 19 Oct 2024
115901,144788,Sat 19 Oct 2024
115901,21297,Sat 19 Oct 2024
115901,122142,Sat 19 Oct 2024
115901,3909,Sat 19 Oct 2024
115901,117497,Sat 19 Oct 2024
115901,144265,Sat 19 Oct 2024
115901,128264,Sat 19 Oct 2024
115901,128891,Sat 19 Oct 2024
115901,32289,Sat 19 Oct 2024
115902,10079,Sat 19 Oct 2024
115902,8707,Sat 19 Oct 2024
115902,5220,Sat 19 Oct 2024
115902,108922,Sat 19 Oct 2024
115902,49495,Sat 19 Oct 2024
115902,74761,Sat 19 Oct 2024
115902,20607,Sat 19 Oct 2024
115902,71623,Sat 19 Oct 2024
115902,21737,Sat 19 Oct 2024
115902,9662,Sat 19 Oct 2024
115902,23747,Sat 19 Oct 2024
115902,20547,Sat 19 Oct 2024
115902,66494,Sat 19 Oct 2024
115902,21585,Sat 19 Oct 2024
115902,14897,Sat 19 Oct 2024
115902,117647,Sat 19 Oct 2024
115902,14446,Sat 19 Oct 2024
115902,14716,Sat 19 Oct 2024
115902,54312,Sat 19 Oct 2024
115902,114590,Sat 19 Oct 2024
115902,75709,Sat 19 Oct 2024
115902,21912,Sat 19 Oct 2024
115902,4874,Sat 19 Oct 2024
115902,50727,Sat 19 Oct 2024
115902,8163,Sat 19 Oct 2024
115902,51830,Sat 19 Oct 2024
115902,134333,Sat 19 Oct 2024
115902,112739,Sat 19 Oct 2024
115902,124396,Sat 19 Oct 2024
115902,3452,Sat 19 Oct 2024
115902,71590,Sat 19 Oct 2024
115902,3457,Sat 19 Oct 2024
115902,31904,Sat 19 Oct 2024
115902,76090,Sat 19 Oct 2024
115902,23704,Sat 19 Oct 2024
115902,117732,Sat 19 Oct 2024
115902,134176,Sat 19 Oct 2024
115902,108751,Sat 19 Oct 2024
115902,72239,Sat 19 Oct 2024
115902,125827,Sat 19 Oct 2024
115904,13703,Sat 19 Oct 2024
115904,19589,Sat 19 Oct 2024
115904,13815,Sat 19 Oct 2024
115904,25447,Sat 19 Oct 2024
115904,67238,Sat 19 Oct 2024
115904,14252,Sat 19 Oct 2024
115904,112917,Sat 19 Oct 2024
115904,119072,Sat 19 Oct 2024
115904,14383,Sat 19 Oct 2024
115904,13956,Sat 19 Oct 2024
115904,25281,Sat 19 Oct 2024
115904,4573,Sat 19 Oct 2024
115904,8691,Sat 19 Oct 2024
115904,8052,Sat 19 Oct 2024
115904,123910,Sat 19 Oct 2024
115904,74960,Sat 19 Oct 2024
115904,14997,Sat 19 Oct 2024
115904,4618,Sat 19 Oct 2024
115904,9199,Sat 19 Oct 2024
115904,15713,Sat 19 Oct 2024
115904,118083,Sat 19 Oct 2024
115904,66011,Sat 19 Oct 2024
115904,13515,Sat 19 Oct 2024
115904,20566,Sat 19 Oct 2024
115904,123722,Sat 19 Oct 2024
115904,14458,Sat 19 Oct 2024
115904,20479,Sat 19 Oct 2024
115904,133430,Sat 19 Oct 2024
115904,123333,Sat 19 Oct 2024
115904,21413,Sat 19 Oct 2024
115904,8979,Sat 19 Oct 2024
115904,4522,Sat 19 Oct 2024
115904,5343,Sat 19 Oct 2024
115904,4136,Sat 19 Oct 2024
115904,50247,Sat 19 Oct 2024
115904,7488,Sat 19 Oct 2024
115904,16788,Sat 19 Oct 2024
115904,127644,Sat 19 Oct 2024
115904,5595,Sat 19 Oct 2024
115904,8192,Sat 19 Oct 2024
115899,19911,Sat 19 Oct 2024
115899,15154,Sat 19 Oct 2024
115899,51454,Sat 19 Oct 2024
115899,11000,Sat 19 Oct 2024
115899,14203,Sat 19 Oct 2024
115899,98300,Sat 19 Oct 2024
115899,32715,Sat 19 Oct 2024
115899,8388,Sat 19 Oct 2024
115899,10768,Sat 19 Oct 2024
115899,8201,Sat 19 Oct 2024
115899,51813,Sat 19 Oct 2024
115899,8159,Sat 19 Oct 2024
115899,4864,Sat 19 Oct 2024
115899,19877,Sat 19 Oct 2024
115899,19723,Sat 19 Oct 2024
115899,8417,Sat 19 Oct 2024
115899,14636,Sat 19 Oct 2024
115899,10874,Sat 19 Oct 2024
115899,33128,Sat 19 Oct 2024
115899,14283,Sat 19 Oct 2024
115899,4640,Sat 19 Oct 2024
115899,3062,Sat 19 Oct 2024
115899,24983,Sat 19 Oct 2024
115899,4333,Sat 19 Oct 2024
115899,8143,Sat 19 Oct 2024
115899,13823,Sat 19 Oct 2024
115899,31936,Sat 19 Oct 2024
115899,12582,Sat 19 Oct 2024
115899,33135,Sat 19 Oct 2024
115899,24797,Sat 19 Oct 2024
115899,9576,Sat 19 Oct 2024
115899,14428,Sat 19 Oct 2024
115899,2537,Sat 19 Oct 2024
115899,112589,Sat 19 Oct 2024
115899,74585,Sat 19 Oct 2024
115899,112267,Sat 19 Oct 2024
115899,3600,Sat 19 Oct 2024
115899,134286,Sat 19 Oct 2024
115899,49738,Sat 19 Oct 2024
115899,126789,Sat 19 Oct 2024
115897,11373,Sat 19 Oct 2024
115897,67546,Sat 19 Oct 2024
115897,116665,Sat 19 Oct 2024
115897,64370,Sat 19 Oct 2024
115897,54989,Sat 19 Oct 2024
115897,74976,Sat 19 Oct 2024
115897,25474,Sat 19 Oct 2024
115897,14846,Sat 19 Oct 2024
115897,133890,Sat 19 Oct 2024
115897,10766,Sat 19 Oct 2024
115897,33032,Sat 19 Oct 2024
115897,50453,Sat 19 Oct 2024
115897,123585,Sat 19 Oct 2024
115897,3512,Sat 19 Oct 2024
115897,13706,Sat 19 Oct 2024
115897,42894,Sat 19 Oct 2024
115897,15572,Sat 19 Oct 2024
115897,21519,Sat 19 Oct 2024
115897,50498,Sat 19 Oct 2024
115897,16582,Sat 19 Oct 2024
115897,7975,Sat 19 Oct 2024
115897,50234,Sat 19 Oct 2024
115897,69914,Sat 19 Oct 2024
115897,66204,Sat 19 Oct 2024
115897,14548,Sat 19 Oct 2024
115897,20486,Sat 19 Oct 2024
115897,4936,Sat 19 Oct 2024
115897,4316,Sat 19 Oct 2024
115897,15202,Sat 19 Oct 2024
115897,19778,Sat 19 Oct 2024
115897,20810,Sat 19 Oct 2024
115897,119036,Sat 19 Oct 2024
115897,109478,Sat 19 Oct 2024
115897,19620,Sat 19 Oct 2024
115897,114564,Sat 19 Oct 2024
115897,114566,Sat 19 Oct 2024
115897,5682,Sat 19 Oct 2024
115897,19680,Sat 19 Oct 2024
115897,66104,Sat 19 Oct 2024
115897,127728,Sat 19 Oct 2024
115888,4245,Sun 6 Oct 2024
115888,13274,Sun 6 Oct 2024
115888,21529,Sun 6 Oct 2024
115888,5758,Sun 6 Oct 2024
115888,13344,Sun 6 Oct 2024
115888,23968,Sun 6 Oct 2024
115888,4115,Sun 6 Oct 2024
115888,20489,Sun 6 Oct 2024
115888,5865,Sun 6 Oct 2024
115888,64519,Sun 6 Oct 2024
115888,8658,Sun 6 Oct 2024
115888,51901,Sun 6 Oct 2024
115888,98302,Sun 6 Oct 2024
115888,107846,Sun 6 Oct 2024
115888,51223,Sun 6 Oct 2024
115888,136672,Sun 6 Oct 2024
115888,12994,Sun 6 Oct 2024
115888,26408,Sun 6 Oct 2024
115888,134048,Sun 6 Oct 2024
115888,114470,Sun 6 Oct 2024
115888,11026,Sun 6 Oct 2024
115888,33245,Sun 6 Oct 2024
115888,9566,Sun 6 Oct 2024
115888,24252,Sun 6 Oct 2024
115888,3156,Sun 6 Oct 2024
115888,68987,Sun 6 Oct 2024
115888,108936,Sun 6 Oct 2024
115888,23396,Sun 6 Oct 2024
115888,4845,Sun 6 Oct 2024
115888,13565,Sun 6 Oct 2024
115888,122934,Sun 6 Oct 2024
115888,71744,Sun 6 Oct 2024
115888,67191,Sun 6 Oct 2024
115888,5066,Sun 6 Oct 2024
115888,20226,Sun 6 Oct 2024
115888,5793,Sun 6 Oct 2024
115888,118031,Sun 6 Oct 2024
115888,75381,Sun 6 Oct 2024
115888,50848,Sun 6 Oct 2024
115888,69176,Sun 6 Oct 2024
115891,14538,Sun 6 Oct 2024
115891,27277,Sun 6 Oct 2024
115891,51229,Sun 6 Oct 2024
115891,66284,Sun 6 Oct 2024
115891,68827,Sun 6 Oct 2024
115891,49293,Sun 6 Oct 2024
115891,63741,Sun 6 Oct 2024
115891,67407,Sun 6 Oct 2024
115891,112203,Sun 6 Oct 2024
115891,14801,Sun 6 Oct 2024
115891,110526,Sun 6 Oct 2024
115891,75989,Sun 6 Oct 2024
115891,13549,Sun 6 Oct 2024
115891,54893,Sun 6 Oct 2024
115891,53991,Sun 6 Oct 2024
115891,99282,Sun 6 Oct 2024
115891,119078,Sun 6 Oct 2024
115891,16784,Sun 6 Oct 2024
115891,50856,Sun 6 Oct 2024
115891,21998,Sun 6 Oct 2024
115891,16723,Sun 6 Oct 2024
115891,10439,Sun 6 Oct 2024
115891,139648,Sun 6 Oct 2024
115891,16035,Sun 6 Oct 2024
115891,37221,Sun 6 Oct 2024
115891,4617,Sun 6 Oct 2024
115891,23702,Sun 6 Oct 2024
115891,15259,Sun 6 Oct 2024
115891,51593,Sun 6 Oct 2024
115891,14238,Sun 6 Oct 2024
115891,3756,Sun 6 Oct 2024
115891,147272,Sun 6 Oct 2024
115891,67510,Sun 6 Oct 2024
115891,16204,Sun 6 Oct 2024
115891,23811,Sun 6 Oct 2024
115891,115172,Sun 6 Oct 2024
115891,133025,Sun 6 Oct 2024
115891,49259,Sun 6 Oct 2024
115891,15340,Sun 6 Oct 2024
115891,144693,Sun 6 Oct 2024
115890,75709,Sun 6 Oct 2024
115890,4874,Sun 6 Oct 2024
115890,9426,Sun 6 Oct 2024
115890,50727,Sun 6 Oct 2024
115890,8163,Sun 6 Oct 2024
115890,136175,Sun 6 Oct 2024
115890,117732,Sun 6 Oct 2024
115890,51830,Sun 6 Oct 2024
115890,124396,Sun 6 Oct 2024
115890,112739,Sun 6 Oct 2024
115890,3452,Sun 6 Oct 2024
115890,3457,Sun 6 Oct 2024
115890,31904,Sun 6 Oct 2024
115890,23704,Sun 6 Oct 2024
115890,21912,Sun 6 Oct 2024
115890,72239,Sun 6 Oct 2024
115890,125827,Sun 6 Oct 2024
115890,134333,Sun 6 Oct 2024
115890,134176,Sun 6 Oct 2024
115890,71590,Sun 6 Oct 2024
115890,71923,Sun 6 Oct 2024
115890,32229,Sun 6 Oct 2024
115890,126824,Sun 6 Oct 2024
115890,66635,Sun 6 Oct 2024
115890,75582,Sun 6 Oct 2024
115890,8456,Sun 6 Oct 2024
115890,49316,Sun 6 Oct 2024
115890,22802,Sun 6 Oct 2024
115890,23599,Sun 6 Oct 2024
115890,10443,Sun 6 Oct 2024
115890,49374,Sun 6 Oct 2024
115890,3170,Sun 6 Oct 2024
115890,23764,Sun 6 Oct 2024
115890,69070,Sun 6 Oct 2024
115890,117596,Sun 6 Oct 2024
115890,133603,Sun 6 Oct 2024
115890,50245,Sun 6 Oct 2024
115890,117318,Sun 6 Oct 2024
115890,127853,Sun 6 Oct 2024
115890,119462,Sun 6 Oct 2024
115892,13988,Sat 5 Oct 2024
115892,14575,Sat 5 Oct 2024
115892,76104,Sat 5 Oct 2024
115892,14569,Sat 5 Oct 2024
115892,76353,Sat 5 Oct 2024
115892,37776,Sat 5 Oct 2024
115892,24334,Sat 5 Oct 2024
115892,69595,Sat 5 Oct 2024
115892,21584,Sat 5 Oct 2024
115892,49796,Sat 5 Oct 2024
115892,14451,Sat 5 Oct 2024
115892,54760,Sat 5 Oct 2024
115892,127828,Sat 5 Oct 2024
115892,3929,Sat 5 Oct 2024
115892,4604,Sat 5 Oct 2024
115892,8980,Sat 5 Oct 2024
115892,8589,Sat 5 Oct 2024
115892,49759,Sat 5 Oct 2024
115892,134955,Sat 5 Oct 2024
115892,20874,Sat 5 Oct 2024
115892,20559,Sat 5 Oct 2024
115892,16006,Sat 5 Oct 2024
115892,5140,Sat 5 Oct 2024
115892,23593,Sat 5 Oct 2024
115892,14732,Sat 5 Oct 2024
115892,63633,Sat 5 Oct 2024
115892,49909,Sat 5 Oct 2024
115892,23815,Sat 5 Oct 2024
115892,32894,Sat 5 Oct 2024
115892,5178,Sat 5 Oct 2024
115892,19758,Sat 5 Oct 2024
115892,24807,Sat 5 Oct 2024
115892,10651,Sat 5 Oct 2024
115892,10458,Sat 5 Oct 2024
115892,51557,Sat 5 Oct 2024
115892,68582,Sat 5 Oct 2024
115892,33231,Sat 5 Oct 2024
115892,43586,Sat 5 Oct 2024
115892,66669,Sat 5 Oct 2024
115892,70287,Sat 5 Oct 2024
115887,7975,Sat 5 Oct 2024
115887,50234,Sat 5 Oct 2024
115887,4936,Sat 5 Oct 2024
115887,69914,Sat 5 Oct 2024
115887,66204,Sat 5 Oct 2024
115887,4316,Sat 5 Oct 2024
115887,5682,Sat 5 Oct 2024
115887,49481,Sat 5 Oct 2024
115887,15202,Sat 5 Oct 2024
115887,19680,Sat 5 Oct 2024
115887,20810,Sat 5 Oct 2024
115887,6593,Sat 5 Oct 2024
115887,115169,Sat 5 Oct 2024
115887,109478,Sat 5 Oct 2024
115887,114566,Sat 5 Oct 2024
115887,19778,Sat 5 Oct 2024
115887,114564,Sat 5 Oct 2024
115887,66104,Sat 5 Oct 2024
115887,51479,Sat 5 Oct 2024
115887,20486,Sat 5 Oct 2024
115887,13703,Sat 5 Oct 2024
115887,14252,Sat 5 Oct 2024
115887,19589,Sat 5 Oct 2024
115887,25447,Sat 5 Oct 2024
115887,13815,Sat 5 Oct 2024
115887,67238,Sat 5 Oct 2024
115887,14383,Sat 5 Oct 2024
115887,119072,Sat 5 Oct 2024
115887,13956,Sat 5 Oct 2024
115887,112917,Sat 5 Oct 2024
115887,112549,Sat 5 Oct 2024
115887,4573,Sat 5 Oct 2024
115887,10565,Sat 5 Oct 2024
115887,8691,Sat 5 Oct 2024
115887,4618,Sat 5 Oct 2024
115887,74960,Sat 5 Oct 2024
115887,15713,Sat 5 Oct 2024
115887,25281,Sat 5 Oct 2024
115887,9199,Sat 5 Oct 2024
115887,14242,Sat 5 Oct 2024
115889,33280,Sat 5 Oct 2024
115889,20113,Sat 5 Oct 2024
115889,65987,Sat 5 Oct 2024
115889,22043,Sat 5 Oct 2024
115889,24659,Sat 5 Oct 2024
115889,24369,Sat 5 Oct 2024
115889,66360,Sat 5 Oct 2024
115889,42331,Sat 5 Oct 2024
115889,23194,Sat 5 Oct 2024
115889,49731,Sat 5 Oct 2024
115889,127594,Sat 5 Oct 2024
115889,144788,Sat 5 Oct 2024
115889,21297,Sat 5 Oct 2024
115889,126962,Sat 5 Oct 2024
115889,122142,Sat 5 Oct 2024
115889,3909,Sat 5 Oct 2024
115889,32289,Sat 5 Oct 2024
115889,144265,Sat 5 Oct 2024
115889,128891,Sat 5 Oct 2024
115889,128264,Sat 5 Oct 2024
115889,4331,Sat 5 Oct 2024
115889,16642,Sat 5 Oct 2024
115889,92635,Sat 5 Oct 2024
115889,71432,Sat 5 Oct 2024
115889,4198,Sat 5 Oct 2024
115889,51202,Sat 5 Oct 2024
115889,74608,Sat 5 Oct 2024
115889,5583,Sat 5 Oct 2024
115889,133679,Sat 5 Oct 2024
115889,143214,Sat 5 Oct 2024
115889,35670,Sat 5 Oct 2024
115889,15715,Sat 5 Oct 2024
115889,43010,Sat 5 Oct 2024
115889,4229,Sat 5 Oct 2024
115889,24637,Sat 5 Oct 2024
115889,126108,Sat 5 Oct 2024
115889,19814,Sat 5 Oct 2024
115889,20337,Sat 5 Oct 2024
115889,108947,Sat 5 Oct 2024
115889,11130,Sat 5 Oct 2024
115894,118083,Sat 5 Oct 2024
115894,20566,Sat 5 Oct 2024
115894,66011,Sat 5 Oct 2024
115894,13515,Sat 5 Oct 2024
115894,123722,Sat 5 Oct 2024
115894,20479,Sat 5 Oct 2024
115894,14458,Sat 5 Oct 2024
115894,5595,Sat 5 Oct 2024
115894,133430,Sat 5 Oct 2024
115894,21413,Sat 5 Oct 2024
115894,8979,Sat 5 Oct 2024
115894,4522,Sat 5 Oct 2024
115894,4136,Sat 5 Oct 2024
115894,5343,Sat 5 Oct 2024
115894,123333,Sat 5 Oct 2024
115894,50247,Sat 5 Oct 2024
115894,7488,Sat 5 Oct 2024
115894,8192,Sat 5 Oct 2024
115894,16788,Sat 5 Oct 2024
115894,127644,Sat 5 Oct 2024
115894,11373,Sat 5 Oct 2024
115894,116665,Sat 5 Oct 2024
115894,3512,Sat 5 Oct 2024
115894,67546,Sat 5 Oct 2024
115894,54989,Sat 5 Oct 2024
115894,15572,Sat 5 Oct 2024
115894,21519,Sat 5 Oct 2024
115894,25474,Sat 5 Oct 2024
115894,10766,Sat 5 Oct 2024
115894,14846,Sat 5 Oct 2024
115894,33032,Sat 5 Oct 2024
115894,50453,Sat 5 Oct 2024
115894,64370,Sat 5 Oct 2024
115894,123585,Sat 5 Oct 2024
115894,51942,Sat 5 Oct 2024
115894,13706,Sat 5 Oct 2024
115894,74976,Sat 5 Oct 2024
115894,16582,Sat 5 Oct 2024
115894,133890,Sat 5 Oct 2024
115894,50498,Sat 5 Oct 2024
115895,12707,Sat 5 Oct 2024
115895,99281,Sat 5 Oct 2024
115895,16431,Sat 5 Oct 2024
115895,67178,Sat 5 Oct 2024
115895,15656,Sat 5 Oct 2024
115895,5067,Sat 5 Oct 2024
115895,4260,Sat 5 Oct 2024
115895,5101,Sat 5 Oct 2024
115895,12520,Sat 5 Oct 2024
115895,14805,Sat 5 Oct 2024
115895,65970,Sat 5 Oct 2024
115895,2250,Sat 5 Oct 2024
115895,47133,Sat 5 Oct 2024
115895,4505,Sat 5 Oct 2024
115895,3955,Sat 5 Oct 2024
115895,76204,Sat 5 Oct 2024
115895,49270,Sat 5 Oct 2024
115895,126943,Sat 5 Oct 2024
115895,54156,Sat 5 Oct 2024
115895,4985,Sat 5 Oct 2024
115895,14624,Sat 5 Oct 2024
115895,23793,Sat 5 Oct 2024
115895,26151,Sat 5 Oct 2024
115895,4717,Sat 5 Oct 2024
115895,4880,Sat 5 Oct 2024
115895,10476,Sat 5 Oct 2024
115895,21614,Sat 5 Oct 2024
115895,4979,Sat 5 Oct 2024
115895,16044,Sat 5 Oct 2024
115895,11071,Sat 5 Oct 2024
115895,31671,Sat 5 Oct 2024
115895,6712,Sat 5 Oct 2024
115895,49884,Sat 5 Oct 2024
115895,3894,Sat 5 Oct 2024
115895,4818,Sat 5 Oct 2024
115895,14445,Sat 5 Oct 2024
115895,13961,Sat 5 Oct 2024
115895,117763,Sat 5 Oct 2024
115895,14450,Sat 5 Oct 2024
115896,5748,Sat 5 Oct 2024
115896,16803,Sat 5 Oct 2024
115896,13522,Sat 5 Oct 2024
115896,14164,Sat 5 Oct 2024
115896,63656,Sat 5 Oct 2024
115896,40159,Sat 5 Oct 2024
115896,8868,Sat 5 Oct 2024
115896,51364,Sat 5 Oct 2024
115896,55776,Sat 5 Oct 2024
115896,25183,Sat 5 Oct 2024
115896,9595,Sat 5 Oct 2024
115896,3309,Sat 5 Oct 2024
115896,7336,Sat 5 Oct 2024
115896,8897,Sat 5 Oct 2024
115896,32638,Sat 5 Oct 2024
115896,40211,Sat 5 Oct 2024
115896,16268,Sat 5 Oct 2024
115896,65961,Sat 5 Oct 2024
115896,8245,Sat 5 Oct 2024
115896,146354,Sat 5 Oct 2024
115896,19911,Sat 5 Oct 2024
115896,15154,Sat 5 Oct 2024
115896,51454,Sat 5 Oct 2024
115896,49254,Sat 5 Oct 2024
115896,15212,Sat 5 Oct 2024
115896,8388,Sat 5 Oct 2024
115896,98300,Sat 5 Oct 2024
115896,32715,Sat 5 Oct 2024
115896,8201,Sat 5 Oct 2024
115896,10768,Sat 5 Oct 2024
115896,51813,Sat 5 Oct 2024
115896,8159,Sat 5 Oct 2024
115896,19877,Sat 5 Oct 2024
115896,4864,Sat 5 Oct 2024
115896,14203,Sat 5 Oct 2024
115896,19723,Sat 5 Oct 2024
115896,8417,Sat 5 Oct 2024
115896,10874,Sat 5 Oct 2024
115896,14283,Sat 5 Oct 2024
115896,33128,Sat 5 Oct 2024
115893,4640,Sat 5 Oct 2024
115893,4333,Sat 5 Oct 2024
115893,23841,Sat 5 Oct 2024
115893,8143,Sat 5 Oct 2024
115893,3062,Sat 5 Oct 2024
115893,24797,Sat 5 Oct 2024
115893,31936,Sat 5 Oct 2024
115893,49738,Sat 5 Oct 2024
115893,33135,Sat 5 Oct 2024
115893,13823,Sat 5 Oct 2024
115893,9576,Sat 5 Oct 2024
115893,14428,Sat 5 Oct 2024
115893,2537,Sat 5 Oct 2024
115893,112267,Sat 5 Oct 2024
115893,112589,Sat 5 Oct 2024
115893,134286,Sat 5 Oct 2024
115893,12582,Sat 5 Oct 2024
115893,118112,Sat 5 Oct 2024
115893,66538,Sat 5 Oct 2024
115893,126789,Sat 5 Oct 2024
115893,10079,Sat 5 Oct 2024
115893,8707,Sat 5 Oct 2024
115893,3905,Sat 5 Oct 2024
115893,5220,Sat 5 Oct 2024
115893,108922,Sat 5 Oct 2024
115893,20607,Sat 5 Oct 2024
115893,71623,Sat 5 Oct 2024
115893,74761,Sat 5 Oct 2024
115893,9662,Sat 5 Oct 2024
115893,23747,Sat 5 Oct 2024
115893,14716,Sat 5 Oct 2024
115893,2896,Sat 5 Oct 2024
115893,20547,Sat 5 Oct 2024
115893,49495,Sat 5 Oct 2024
115893,66494,Sat 5 Oct 2024
115893,21585,Sat 5 Oct 2024
115893,14446,Sat 5 Oct 2024
115893,54312,Sat 5 Oct 2024
115893,14897,Sat 5 Oct 2024
115893,114590,Sat 5 Oct 2024
115878,11373,Tue 1 Oct 2024
115878,54989,Tue 1 Oct 2024
115878,3512,Tue 1 Oct 2024
115878,116665,Tue 1 Oct 2024
115878,67546,Tue 1 Oct 2024
115878,15572,Tue 1 Oct 2024
115878,14846,Tue 1 Oct 2024
115878,25474,Tue 1 Oct 2024
115878,133890,Tue 1 Oct 2024
115878,10766,Tue 1 Oct 2024
115878,33032,Tue 1 Oct 2024
115878,50453,Tue 1 Oct 2024
115878,123585,Tue 1 Oct 2024
115878,64370,Tue 1 Oct 2024
115878,19970,Tue 1 Oct 2024
115878,74976,Tue 1 Oct 2024
115878,13706,Tue 1 Oct 2024
115878,21519,Tue 1 Oct 2024
115878,50498,Tue 1 Oct 2024
115878,16582,Tue 1 Oct 2024
115878,13703,Tue 1 Oct 2024
115878,8691,Tue 1 Oct 2024
115878,25447,Tue 1 Oct 2024
115878,67238,Tue 1 Oct 2024
115878,19589,Tue 1 Oct 2024
115878,14383,Tue 1 Oct 2024
115878,16758,Tue 1 Oct 2024
115878,119072,Tue 1 Oct 2024
115878,74960,Tue 1 Oct 2024
115878,8052,Tue 1 Oct 2024
115878,112917,Tue 1 Oct 2024
115878,4573,Tue 1 Oct 2024
115878,13815,Tue 1 Oct 2024
115878,4618,Tue 1 Oct 2024
115878,13956,Tue 1 Oct 2024
115878,14242,Tue 1 Oct 2024
115878,9199,Tue 1 Oct 2024
115878,25281,Tue 1 Oct 2024
115878,112549,Tue 1 Oct 2024
115878,15713,Tue 1 Oct 2024
115882,19911,Sun 29 Sep 2024
115882,15154,Sun 29 Sep 2024
115882,51454,Sun 29 Sep 2024
115882,49254,Sun 29 Sep 2024
115882,13559,Sun 29 Sep 2024
115882,98300,Sun 29 Sep 2024
115882,33128,Sun 29 Sep 2024
115882,32715,Sun 29 Sep 2024
115882,10768,Sun 29 Sep 2024
115882,8388,Sun 29 Sep 2024
115882,51813,Sun 29 Sep 2024
115882,8159,Sun 29 Sep 2024
115882,4864,Sun 29 Sep 2024
115882,15212,Sun 29 Sep 2024
115882,19723,Sun 29 Sep 2024
115882,4432,Sun 29 Sep 2024
115882,8417,Sun 29 Sep 2024
115882,10874,Sun 29 Sep 2024
115882,8201,Sun 29 Sep 2024
115882,14283,Sun 29 Sep 2024
115882,4245,Sun 29 Sep 2024
115882,13274,Sun 29 Sep 2024
115882,21529,Sun 29 Sep 2024
115882,12994,Sun 29 Sep 2024
115882,5758,Sun 29 Sep 2024
115882,108096,Sun 29 Sep 2024
115882,5865,Sun 29 Sep 2024
115882,23968,Sun 29 Sep 2024
115882,20489,Sun 29 Sep 2024
115882,19888,Sun 29 Sep 2024
115882,8658,Sun 29 Sep 2024
115882,51901,Sun 29 Sep 2024
115882,136672,Sun 29 Sep 2024
115882,51223,Sun 29 Sep 2024
115882,107846,Sun 29 Sep 2024
115882,98302,Sun 29 Sep 2024
115882,4115,Sun 29 Sep 2024
115882,26408,Sun 29 Sep 2024
115882,64519,Sun 29 Sep 2024
115882,134048,Sun 29 Sep 2024
115883,11026,Sun 29 Sep 2024
115883,20226,Sun 29 Sep 2024
115883,24252,Sun 29 Sep 2024
115883,67191,Sun 29 Sep 2024
115883,33245,Sun 29 Sep 2024
115883,13565,Sun 29 Sep 2024
115883,118031,Sun 29 Sep 2024
115883,68987,Sun 29 Sep 2024
115883,108936,Sun 29 Sep 2024
115883,23396,Sun 29 Sep 2024
115883,50848,Sun 29 Sep 2024
115883,71744,Sun 29 Sep 2024
115883,5066,Sun 29 Sep 2024
115883,3156,Sun 29 Sep 2024
115883,4845,Sun 29 Sep 2024
115883,14580,Sun 29 Sep 2024
115883,5793,Sun 29 Sep 2024
115883,69176,Sun 29 Sep 2024
115883,75381,Sun 29 Sep 2024
115883,122934,Sun 29 Sep 2024
115883,71923,Sun 29 Sep 2024
115883,66635,Sun 29 Sep 2024
115883,126824,Sun 29 Sep 2024
115883,32229,Sun 29 Sep 2024
115883,75582,Sun 29 Sep 2024
115883,49316,Sun 29 Sep 2024
115883,8456,Sun 29 Sep 2024
115883,22802,Sun 29 Sep 2024
115883,23599,Sun 29 Sep 2024
115883,10443,Sun 29 Sep 2024
115883,49374,Sun 29 Sep 2024
115883,3170,Sun 29 Sep 2024
115883,23764,Sun 29 Sep 2024
115883,69070,Sun 29 Sep 2024
115883,127853,Sun 29 Sep 2024
115883,117318,Sun 29 Sep 2024
115883,117596,Sun 29 Sep 2024
115883,133603,Sun 29 Sep 2024
115883,50245,Sun 29 Sep 2024
115883,119462,Sun 29 Sep 2024
115884,10079,Sat 28 Sep 2024
115884,108922,Sat 28 Sep 2024
115884,3905,Sat 28 Sep 2024
115884,5220,Sat 28 Sep 2024
115884,8707,Sat 28 Sep 2024
115884,71623,Sat 28 Sep 2024
115884,74761,Sat 28 Sep 2024
115884,20607,Sat 28 Sep 2024
115884,14716,Sat 28 Sep 2024
115884,9662,Sat 28 Sep 2024
115884,23747,Sat 28 Sep 2024
115884,6451,Sat 28 Sep 2024
115884,21585,Sat 28 Sep 2024
115884,127659,Sat 28 Sep 2024
115884,66494,Sat 28 Sep 2024
115884,49495,Sat 28 Sep 2024
115884,14446,Sat 28 Sep 2024
115884,14897,Sat 28 Sep 2024
115884,54312,Sat 28 Sep 2024
115884,114590,Sat 28 Sep 2024
115884,12707,Sat 28 Sep 2024
115884,67178,Sat 28 Sep 2024
115884,3955,Sat 28 Sep 2024
115884,16431,Sat 28 Sep 2024
115884,15656,Sat 28 Sep 2024
115884,99281,Sat 28 Sep 2024
115884,5067,Sat 28 Sep 2024
115884,12520,Sat 28 Sep 2024
115884,5101,Sat 28 Sep 2024
115884,4260,Sat 28 Sep 2024
115884,65970,Sat 28 Sep 2024
115884,2250,Sat 28 Sep 2024
115884,47133,Sat 28 Sep 2024
115884,4505,Sat 28 Sep 2024
115884,14805,Sat 28 Sep 2024
115884,76204,Sat 28 Sep 2024
115884,49270,Sat 28 Sep 2024
115884,54156,Sat 28 Sep 2024
115884,126943,Sat 28 Sep 2024
115877,7975,Sat 28 Sep 2024
115877,50234,Sat 28 Sep 2024
115877,67776,Sat 28 Sep 2024
115877,66204,Sat 28 Sep 2024
115877,69914,Sat 28 Sep 2024
115877,15202,Sat 28 Sep 2024
115877,4936,Sat 28 Sep 2024
115877,66104,Sat 28 Sep 2024
115877,49481,Sat 28 Sep 2024
115877,20810,Sat 28 Sep 2024
115877,20486,Sat 28 Sep 2024
115877,6593,Sat 28 Sep 2024
115877,127721,Sat 28 Sep 2024
115877,109478,Sat 28 Sep 2024
115877,127722,Sat 28 Sep 2024
115877,5682,Sat 28 Sep 2024
115877,114564,Sat 28 Sep 2024
115877,114566,Sat 28 Sep 2024
115877,19680,Sat 28 Sep 2024
115877,4316,Sat 28 Sep 2024
115877,118083,Sat 28 Sep 2024
115877,20566,Sat 28 Sep 2024
115877,66011,Sat 28 Sep 2024
115877,13515,Sat 28 Sep 2024
115877,123722,Sat 28 Sep 2024
115877,133430,Sat 28 Sep 2024
115877,21413,Sat 28 Sep 2024
115877,14458,Sat 28 Sep 2024
115877,7488,Sat 28 Sep 2024
115877,20479,Sat 28 Sep 2024
115877,8979,Sat 28 Sep 2024
115877,4522,Sat 28 Sep 2024
115877,4136,Sat 28 Sep 2024
115877,5343,Sat 28 Sep 2024
115877,123333,Sat 28 Sep 2024
115877,13248,Sat 28 Sep 2024
115877,16788,Sat 28 Sep 2024
115877,127644,Sat 28 Sep 2024
115877,5595,Sat 28 Sep 2024
115877,8192,Sat 28 Sep 2024
115879,33280,Sat 28 Sep 2024
115879,65987,Sat 28 Sep 2024
115879,22043,Sat 28 Sep 2024
115879,24659,Sat 28 Sep 2024
115879,20113,Sat 28 Sep 2024
115879,23194,Sat 28 Sep 2024
115879,49731,Sat 28 Sep 2024
115879,24369,Sat 28 Sep 2024
115879,127594,Sat 28 Sep 2024
115879,66360,Sat 28 Sep 2024
115879,32289,Sat 28 Sep 2024
115879,144788,Sat 28 Sep 2024
115879,122142,Sat 28 Sep 2024
115879,3909,Sat 28 Sep 2024
115879,21297,Sat 28 Sep 2024
115879,126962,Sat 28 Sep 2024
115879,128264,Sat 28 Sep 2024
115879,128891,Sat 28 Sep 2024
115879,128890,Sat 28 Sep 2024
115879,144265,Sat 28 Sep 2024
115879,5748,Sat 28 Sep 2024
115879,16803,Sat 28 Sep 2024
115879,14164,Sat 28 Sep 2024
115879,13522,Sat 28 Sep 2024
115879,63656,Sat 28 Sep 2024
115879,25183,Sat 28 Sep 2024
115879,8868,Sat 28 Sep 2024
115879,40159,Sat 28 Sep 2024
115879,51364,Sat 28 Sep 2024
115879,55776,Sat 28 Sep 2024
115879,9595,Sat 28 Sep 2024
115879,3309,Sat 28 Sep 2024
115879,7336,Sat 28 Sep 2024
115879,32638,Sat 28 Sep 2024
115879,8897,Sat 28 Sep 2024
115879,16268,Sat 28 Sep 2024
115879,136505,Sat 28 Sep 2024
115879,65961,Sat 28 Sep 2024
115879,8245,Sat 28 Sep 2024
115879,146354,Sat 28 Sep 2024
115880,14538,Sat 28 Sep 2024
115880,27277,Sat 28 Sep 2024
115880,68827,Sat 28 Sep 2024
115880,51229,Sat 28 Sep 2024
115880,66284,Sat 28 Sep 2024
115880,63741,Sat 28 Sep 2024
115880,67407,Sat 28 Sep 2024
115880,49293,Sat 28 Sep 2024
115880,112203,Sat 28 Sep 2024
115880,14801,Sat 28 Sep 2024
115880,110526,Sat 28 Sep 2024
115880,75989,Sat 28 Sep 2024
115880,13549,Sat 28 Sep 2024
115880,54893,Sat 28 Sep 2024
115880,119078,Sat 28 Sep 2024
115880,99282,Sat 28 Sep 2024
115880,53991,Sat 28 Sep 2024
115880,50856,Sat 28 Sep 2024
115880,16784,Sat 28 Sep 2024
115880,21998,Sat 28 Sep 2024
115880,75709,Sat 28 Sep 2024
115880,31904,Sat 28 Sep 2024
115880,9426,Sat 28 Sep 2024
115880,50727,Sat 28 Sep 2024
115880,8163,Sat 28 Sep 2024
115880,112739,Sat 28 Sep 2024
115880,72239,Sat 28 Sep 2024
115880,124396,Sat 28 Sep 2024
115880,3452,Sat 28 Sep 2024
115880,117732,Sat 28 Sep 2024
115880,51830,Sat 28 Sep 2024
115880,3457,Sat 28 Sep 2024
115880,48290,Sat 28 Sep 2024
115880,21912,Sat 28 Sep 2024
115880,23704,Sat 28 Sep 2024
115880,134333,Sat 28 Sep 2024
115880,125827,Sat 28 Sep 2024
115880,108751,Sat 28 Sep 2024
115880,71590,Sat 28 Sep 2024
115880,136175,Sat 28 Sep 2024
115881,4640,Sat 28 Sep 2024
115881,3062,Sat 28 Sep 2024
115881,24983,Sat 28 Sep 2024
115881,66318,Sat 28 Sep 2024
115881,8143,Sat 28 Sep 2024
115881,13823,Sat 28 Sep 2024
115881,24797,Sat 28 Sep 2024
115881,31936,Sat 28 Sep 2024
115881,49738,Sat 28 Sep 2024
115881,118112,Sat 28 Sep 2024
115881,9576,Sat 28 Sep 2024
115881,14428,Sat 28 Sep 2024
115881,112589,Sat 28 Sep 2024
115881,4333,Sat 28 Sep 2024
115881,134286,Sat 28 Sep 2024
115881,66538,Sat 28 Sep 2024
115881,23841,Sat 28 Sep 2024
115881,12582,Sat 28 Sep 2024
115881,126789,Sat 28 Sep 2024
115881,33135,Sat 28 Sep 2024
115881,13988,Sat 28 Sep 2024
115881,14569,Sat 28 Sep 2024
115881,76104,Sat 28 Sep 2024
115881,37776,Sat 28 Sep 2024
115881,24334,Sat 28 Sep 2024
115881,76353,Sat 28 Sep 2024
115881,69595,Sat 28 Sep 2024
115881,49759,Sat 28 Sep 2024
115881,14451,Sat 28 Sep 2024
115881,20874,Sat 28 Sep 2024
115881,21584,Sat 28 Sep 2024
115881,54760,Sat 28 Sep 2024
115881,4604,Sat 28 Sep 2024
115881,14575,Sat 28 Sep 2024
115881,3929,Sat 28 Sep 2024
115881,125106,Sat 28 Sep 2024
115881,8980,Sat 28 Sep 2024
115881,8589,Sat 28 Sep 2024
115881,134955,Sat 28 Sep 2024
115881,49796,Sat 28 Sep 2024
115885,16723,Sat 28 Sep 2024
115885,139648,Sat 28 Sep 2024
115885,10439,Sat 28 Sep 2024
115885,37221,Sat 28 Sep 2024
115885,16035,Sat 28 Sep 2024
115885,4617,Sat 28 Sep 2024
115885,115172,Sat 28 Sep 2024
115885,51593,Sat 28 Sep 2024
115885,14238,Sat 28 Sep 2024
115885,15340,Sat 28 Sep 2024
115885,3756,Sat 28 Sep 2024
115885,147272,Sat 28 Sep 2024
115885,67510,Sat 28 Sep 2024
115885,16204,Sat 28 Sep 2024
115885,10933,Sat 28 Sep 2024
115885,23811,Sat 28 Sep 2024
115885,133025,Sat 28 Sep 2024
115885,49259,Sat 28 Sep 2024
115885,144693,Sat 28 Sep 2024
115885,23702,Sat 28 Sep 2024
115885,4985,Sat 28 Sep 2024
115885,26151,Sat 28 Sep 2024
115885,14624,Sat 28 Sep 2024
115885,23793,Sat 28 Sep 2024
115885,4880,Sat 28 Sep 2024
115885,10476,Sat 28 Sep 2024
115885,16044,Sat 28 Sep 2024
115885,4717,Sat 28 Sep 2024
115885,4979,Sat 28 Sep 2024
115885,14445,Sat 28 Sep 2024
115885,11071,Sat 28 Sep 2024
115885,31671,Sat 28 Sep 2024
115885,6712,Sat 28 Sep 2024
115885,49884,Sat 28 Sep 2024
115885,3894,Sat 28 Sep 2024
115885,13961,Sat 28 Sep 2024
115885,21614,Sat 28 Sep 2024
115885,4818,Sat 28 Sep 2024
115885,14450,Sat 28 Sep 2024
115885,117763,Sat 28 Sep 2024
115886,4331,Sat 28 Sep 2024
115886,92635,Sat 28 Sep 2024
115886,71432,Sat 28 Sep 2024
115886,16642,Sat 28 Sep 2024
115886,43010,Sat 28 Sep 2024
115886,133679,Sat 28 Sep 2024
115886,5583,Sat 28 Sep 2024
115886,51202,Sat 28 Sep 2024
115886,126108,Sat 28 Sep 2024
115886,143214,Sat 28 Sep 2024
115886,35670,Sat 28 Sep 2024
115886,15715,Sat 28 Sep 2024
115886,4229,Sat 28 Sep 2024
115886,108956,Sat 28 Sep 2024
115886,24637,Sat 28 Sep 2024
115886,19814,Sat 28 Sep 2024
115886,74608,Sat 28 Sep 2024
115886,108947,Sat 28 Sep 2024
115886,11130,Sat 28 Sep 2024
115886,20337,Sat 28 Sep 2024
115886,20559,Sat 28 Sep 2024
115886,23593,Sat 28 Sep 2024
115886,14732,Sat 28 Sep 2024
115886,10458,Sat 28 Sep 2024
115886,5140,Sat 28 Sep 2024
115886,66669,Sat 28 Sep 2024
115886,49909,Sat 28 Sep 2024
115886,33231,Sat 28 Sep 2024
115886,63633,Sat 28 Sep 2024
115886,5178,Sat 28 Sep 2024
115886,19758,Sat 28 Sep 2024
115886,14723,Sat 28 Sep 2024
115886,68582,Sat 28 Sep 2024
115886,16006,Sat 28 Sep 2024
115886,10651,Sat 28 Sep 2024
115886,51557,Sat 28 Sep 2024
115886,43586,Sat 28 Sep 2024
115886,23815,Sat 28 Sep 2024
115886,32894,Sat 28 Sep 2024
115886,15802,Sat 28 Sep 2024
115868,75709,Sun 22 Sep 2024
115868,4874,Sun 22 Sep 2024
115868,31904,Sun 22 Sep 2024
115868,76090,Sun 22 Sep 2024
115868,8163,Sun 22 Sep 2024
115868,124396,Sun 22 Sep 2024
115868,117732,Sun 22 Sep 2024
115868,112739,Sun 22 Sep 2024
115868,51830,Sun 22 Sep 2024
115868,126317,Sun 22 Sep 2024
115868,3452,Sun 22 Sep 2024
115868,3457,Sun 22 Sep 2024
115868,21912,Sun 22 Sep 2024
115868,9426,Sun 22 Sep 2024
115868,125827,Sun 22 Sep 2024
115868,72239,Sun 22 Sep 2024
115868,50727,Sun 22 Sep 2024
115868,72371,Sun 22 Sep 2024
115868,71590,Sun 22 Sep 2024
115868,136175,Sun 22 Sep 2024
115868,16723,Sun 22 Sep 2024
115868,139648,Sun 22 Sep 2024
115868,10439,Sun 22 Sep 2024
115868,37221,Sun 22 Sep 2024
115868,16035,Sun 22 Sep 2024
115868,51593,Sun 22 Sep 2024
115868,49259,Sun 22 Sep 2024
115868,15259,Sun 22 Sep 2024
115868,23702,Sun 22 Sep 2024
115868,4617,Sun 22 Sep 2024
115868,3756,Sun 22 Sep 2024
115868,147272,Sun 22 Sep 2024
115868,67510,Sun 22 Sep 2024
115868,23811,Sun 22 Sep 2024
115868,14238,Sun 22 Sep 2024
115868,115172,Sun 22 Sep 2024
115868,144693,Sun 22 Sep 2024
115868,15340,Sun 22 Sep 2024
115868,133025,Sun 22 Sep 2024
115868,146394,Sun 22 Sep 2024
115873,12707,Sun 22 Sep 2024
115873,3955,Sun 22 Sep 2024
115873,16431,Sun 22 Sep 2024
115873,15656,Sun 22 Sep 2024
115873,67178,Sun 22 Sep 2024
115873,5101,Sun 22 Sep 2024
115873,16286,Sun 22 Sep 2024
115873,5067,Sun 22 Sep 2024
115873,65970,Sun 22 Sep 2024
115873,126943,Sun 22 Sep 2024
115873,54156,Sun 22 Sep 2024
115873,47133,Sun 22 Sep 2024
115873,2250,Sun 22 Sep 2024
115873,4505,Sun 22 Sep 2024
115873,99281,Sun 22 Sep 2024
115873,12520,Sun 22 Sep 2024
115873,14805,Sun 22 Sep 2024
115873,4260,Sun 22 Sep 2024
115873,76204,Sun 22 Sep 2024
115873,49270,Sun 22 Sep 2024
115873,7975,Sun 22 Sep 2024
115873,50234,Sun 22 Sep 2024
115873,66204,Sun 22 Sep 2024
115873,67776,Sun 22 Sep 2024
115873,69914,Sun 22 Sep 2024
115873,4936,Sun 22 Sep 2024
115873,66104,Sun 22 Sep 2024
115873,49481,Sun 22 Sep 2024
115873,15202,Sun 22 Sep 2024
115873,20810,Sun 22 Sep 2024
115873,20486,Sun 22 Sep 2024
115873,6593,Sun 22 Sep 2024
115873,109478,Sun 22 Sep 2024
115873,14548,Sun 22 Sep 2024
115873,127722,Sun 22 Sep 2024
115873,114566,Sun 22 Sep 2024
115873,5682,Sun 22 Sep 2024
115873,114564,Sun 22 Sep 2024
115873,4316,Sun 22 Sep 2024
115873,19680,Sun 22 Sep 2024
115876,5748,Sat 21 Sep 2024
115876,40211,Sat 21 Sep 2024
115876,13522,Sat 21 Sep 2024
115876,32638,Sat 21 Sep 2024
115876,14164,Sat 21 Sep 2024
115876,40159,Sat 21 Sep 2024
115876,55776,Sat 21 Sep 2024
115876,16803,Sat 21 Sep 2024
115876,51364,Sat 21 Sep 2024
115876,65961,Sat 21 Sep 2024
115876,8868,Sat 21 Sep 2024
115876,3309,Sat 21 Sep 2024
115876,63656,Sat 21 Sep 2024
115876,7336,Sat 21 Sep 2024
115876,8897,Sat 21 Sep 2024
115876,16268,Sat 21 Sep 2024
115876,25183,Sat 21 Sep 2024
115876,136505,Sat 21 Sep 2024
115876,9595,Sat 21 Sep 2024
115876,8245,Sat 21 Sep 2024
115876,14538,Sat 21 Sep 2024
115876,27277,Sat 21 Sep 2024
115876,66284,Sat 21 Sep 2024
115876,51229,Sat 21 Sep 2024
115876,13549,Sat 21 Sep 2024
115876,112203,Sat 21 Sep 2024
115876,67407,Sat 21 Sep 2024
115876,63741,Sat 21 Sep 2024
115876,49293,Sat 21 Sep 2024
115876,14801,Sat 21 Sep 2024
115876,110526,Sat 21 Sep 2024
115876,75989,Sat 21 Sep 2024
115876,53612,Sat 21 Sep 2024
115876,54893,Sat 21 Sep 2024
115876,53991,Sat 21 Sep 2024
115876,119078,Sat 21 Sep 2024
115876,14706,Sat 21 Sep 2024
115876,21998,Sat 21 Sep 2024
115876,50856,Sat 21 Sep 2024
115876,16784,Sat 21 Sep 2024
115867,4245,Sat 21 Sep 2024
115867,13274,Sat 21 Sep 2024
115867,12994,Sat 21 Sep 2024
115867,21529,Sat 21 Sep 2024
115867,5758,Sat 21 Sep 2024
115867,108096,Sat 21 Sep 2024
115867,19888,Sat 21 Sep 2024
115867,23968,Sat 21 Sep 2024
115867,51423,Sat 21 Sep 2024
115867,5865,Sat 21 Sep 2024
115867,8658,Sat 21 Sep 2024
115867,51901,Sat 21 Sep 2024
115867,136672,Sat 21 Sep 2024
115867,51223,Sat 21 Sep 2024
115867,107846,Sat 21 Sep 2024
115867,4115,Sat 21 Sep 2024
115867,26408,Sat 21 Sep 2024
115867,20489,Sat 21 Sep 2024
115867,114470,Sat 21 Sep 2024
115867,134048,Sat 21 Sep 2024
115867,4331,Sat 21 Sep 2024
115867,115114,Sat 21 Sep 2024
115867,4198,Sat 21 Sep 2024
115867,71432,Sat 21 Sep 2024
115867,16642,Sat 21 Sep 2024
115867,51202,Sat 21 Sep 2024
115867,133679,Sat 21 Sep 2024
115867,5583,Sat 21 Sep 2024
115867,126108,Sat 21 Sep 2024
115867,143214,Sat 21 Sep 2024
115867,35670,Sat 21 Sep 2024
115867,15715,Sat 21 Sep 2024
115867,4229,Sat 21 Sep 2024
115867,43010,Sat 21 Sep 2024
115867,19814,Sat 21 Sep 2024
115867,24637,Sat 21 Sep 2024
115867,20337,Sat 21 Sep 2024
115867,74608,Sat 21 Sep 2024
115867,11130,Sat 21 Sep 2024
115867,108947,Sat 21 Sep 2024
115870,4985,Sat 21 Sep 2024
115870,4880,Sat 21 Sep 2024
115870,23793,Sat 21 Sep 2024
115870,14624,Sat 21 Sep 2024
115870,26151,Sat 21 Sep 2024
115870,10476,Sat 21 Sep 2024
115870,4979,Sat 21 Sep 2024
115870,14445,Sat 21 Sep 2024
115870,16044,Sat 21 Sep 2024
115870,4717,Sat 21 Sep 2024
115870,11071,Sat 21 Sep 2024
115870,31671,Sat 21 Sep 2024
115870,49884,Sat 21 Sep 2024
115870,6712,Sat 21 Sep 2024
115870,14656,Sat 21 Sep 2024
115870,4818,Sat 21 Sep 2024
115870,3894,Sat 21 Sep 2024
115870,21614,Sat 21 Sep 2024
115870,14450,Sat 21 Sep 2024
115870,117763,Sat 21 Sep 2024
115870,10079,Sat 21 Sep 2024
115870,3905,Sat 21 Sep 2024
115870,8707,Sat 21 Sep 2024
115870,5220,Sat 21 Sep 2024
115870,21585,Sat 21 Sep 2024
115870,20607,Sat 21 Sep 2024
115870,14446,Sat 21 Sep 2024
115870,74761,Sat 21 Sep 2024
115870,21737,Sat 21 Sep 2024
115870,23747,Sat 21 Sep 2024
115870,14716,Sat 21 Sep 2024
115870,6451,Sat 21 Sep 2024
115870,108922,Sat 21 Sep 2024
115870,66494,Sat 21 Sep 2024
115870,49495,Sat 21 Sep 2024
115870,9662,Sat 21 Sep 2024
115870,54312,Sat 21 Sep 2024
115870,71623,Sat 21 Sep 2024
115870,14897,Sat 21 Sep 2024
115870,114590,Sat 21 Sep 2024
115871,118083,Sat 21 Sep 2024
115871,66011,Sat 21 Sep 2024
115871,13515,Sat 21 Sep 2024
115871,123722,Sat 21 Sep 2024
115871,20566,Sat 21 Sep 2024
115871,14458,Sat 21 Sep 2024
115871,123333,Sat 21 Sep 2024
115871,5595,Sat 21 Sep 2024
115871,7488,Sat 21 Sep 2024
115871,20479,Sat 21 Sep 2024
115871,8979,Sat 21 Sep 2024
115871,4522,Sat 21 Sep 2024
115871,4136,Sat 21 Sep 2024
115871,5343,Sat 21 Sep 2024
115871,13248,Sat 21 Sep 2024
115871,21413,Sat 21 Sep 2024
115871,133430,Sat 21 Sep 2024
115871,127644,Sat 21 Sep 2024
115871,16788,Sat 21 Sep 2024
115871,8192,Sat 21 Sep 2024
115871,4640,Sat 21 Sep 2024
115871,23841,Sat 21 Sep 2024
115871,8143,Sat 21 Sep 2024
115871,4333,Sat 21 Sep 2024
115871,3062,Sat 21 Sep 2024
115871,31936,Sat 21 Sep 2024
115871,13823,Sat 21 Sep 2024
115871,49738,Sat 21 Sep 2024
115871,118112,Sat 21 Sep 2024
115871,24797,Sat 21 Sep 2024
115871,9576,Sat 21 Sep 2024
115871,14428,Sat 21 Sep 2024
115871,2537,Sat 21 Sep 2024
115871,112589,Sat 21 Sep 2024
115871,112267,Sat 21 Sep 2024
115871,66538,Sat 21 Sep 2024
115871,134286,Sat 21 Sep 2024
115871,126789,Sat 21 Sep 2024
115871,33135,Sat 21 Sep 2024
115872,14723,Sat 21 Sep 2024
115872,10458,Sat 21 Sep 2024
115872,14732,Sat 21 Sep 2024
115872,23593,Sat 21 Sep 2024
115872,5140,Sat 21 Sep 2024
115872,63633,Sat 21 Sep 2024
115872,49909,Sat 21 Sep 2024
115872,66669,Sat 21 Sep 2024
115872,33231,Sat 21 Sep 2024
115872,5178,Sat 21 Sep 2024
115872,70287,Sat 21 Sep 2024
115872,24807,Sat 21 Sep 2024
115872,68582,Sat 21 Sep 2024
115872,10651,Sat 21 Sep 2024
115872,16006,Sat 21 Sep 2024
115872,51557,Sat 21 Sep 2024
115872,23815,Sat 21 Sep 2024
115872,19758,Sat 21 Sep 2024
115872,32894,Sat 21 Sep 2024
115872,15802,Sat 21 Sep 2024
115872,11373,Sat 21 Sep 2024
115872,116665,Sat 21 Sep 2024
115872,123585,Sat 21 Sep 2024
115872,67546,Sat 21 Sep 2024
115872,64370,Sat 21 Sep 2024
115872,21519,Sat 21 Sep 2024
115872,15572,Sat 21 Sep 2024
115872,25474,Sat 21 Sep 2024
115872,14846,Sat 21 Sep 2024
115872,10766,Sat 21 Sep 2024
115872,33032,Sat 21 Sep 2024
115872,50453,Sat 21 Sep 2024
115872,51942,Sat 21 Sep 2024
115872,54989,Sat 21 Sep 2024
115872,3512,Sat 21 Sep 2024
115872,74976,Sat 21 Sep 2024
115872,13706,Sat 21 Sep 2024
115872,133890,Sat 21 Sep 2024
115872,50498,Sat 21 Sep 2024
115872,16582,Sat 21 Sep 2024
115874,13703,Sat 21 Sep 2024
115874,19589,Sat 21 Sep 2024
115874,25447,Sat 21 Sep 2024
115874,8691,Sat 21 Sep 2024
115874,67238,Sat 21 Sep 2024
115874,119072,Sat 21 Sep 2024
115874,4618,Sat 21 Sep 2024
115874,14383,Sat 21 Sep 2024
115874,8052,Sat 21 Sep 2024
115874,112917,Sat 21 Sep 2024
115874,25281,Sat 21 Sep 2024
115874,4573,Sat 21 Sep 2024
115874,13815,Sat 21 Sep 2024
115874,24716,Sat 21 Sep 2024
115874,13956,Sat 21 Sep 2024
115874,74960,Sat 21 Sep 2024
115874,16758,Sat 21 Sep 2024
115874,9199,Sat 21 Sep 2024
115874,14242,Sat 21 Sep 2024
115874,112549,Sat 21 Sep 2024
115874,19911,Sat 21 Sep 2024
115874,49254,Sat 21 Sep 2024
115874,15154,Sat 21 Sep 2024
115874,13559,Sat 21 Sep 2024
115874,51454,Sat 21 Sep 2024
115874,108613,Sat 21 Sep 2024
115874,8417,Sat 21 Sep 2024
115874,8201,Sat 21 Sep 2024
115874,98300,Sat 21 Sep 2024
115874,8388,Sat 21 Sep 2024
115874,51813,Sat 21 Sep 2024
115874,8159,Sat 21 Sep 2024
115874,4864,Sat 21 Sep 2024
115874,15212,Sat 21 Sep 2024
115874,4432,Sat 21 Sep 2024
115874,19723,Sat 21 Sep 2024
115874,32715,Sat 21 Sep 2024
115874,10874,Sat 21 Sep 2024
115874,14283,Sat 21 Sep 2024
115874,33128,Sat 21 Sep 2024
115875,71923,Sat 21 Sep 2024
115875,32229,Sat 21 Sep 2024
115875,66635,Sat 21 Sep 2024
115875,126824,Sat 21 Sep 2024
115875,75582,Sat 21 Sep 2024
115875,49316,Sat 21 Sep 2024
115875,8456,Sat 21 Sep 2024
115875,22802,Sat 21 Sep 2024
115875,49374,Sat 21 Sep 2024
115875,10443,Sat 21 Sep 2024
115875,4999,Sat 21 Sep 2024
115875,3170,Sat 21 Sep 2024
115875,69070,Sat 21 Sep 2024
115875,23764,Sat 21 Sep 2024
115875,50245,Sat 21 Sep 2024
115875,127853,Sat 21 Sep 2024
115875,133603,Sat 21 Sep 2024
115875,117318,Sat 21 Sep 2024
115875,117596,Sat 21 Sep 2024
115875,23599,Sat 21 Sep 2024
115875,33280,Sat 21 Sep 2024
115875,24369,Sat 21 Sep 2024
115875,20113,Sat 21 Sep 2024
115875,24659,Sat 21 Sep 2024
115875,65987,Sat 21 Sep 2024
115875,22043,Sat 21 Sep 2024
115875,23194,Sat 21 Sep 2024
115875,49731,Sat 21 Sep 2024
115875,128891,Sat 21 Sep 2024
115875,66360,Sat 21 Sep 2024
115875,32289,Sat 21 Sep 2024
115875,144788,Sat 21 Sep 2024
115875,126962,Sat 21 Sep 2024
115875,21297,Sat 21 Sep 2024
115875,3909,Sat 21 Sep 2024
115875,122142,Sat 21 Sep 2024
115875,128264,Sat 21 Sep 2024
115875,144265,Sat 21 Sep 2024
115875,128890,Sat 21 Sep 2024
115875,127594,Sat 21 Sep 2024
115869,13988,Sat 21 Sep 2024
115869,50842,Sat 21 Sep 2024
115869,76104,Sat 21 Sep 2024
115869,14569,Sat 21 Sep 2024
115869,76353,Sat 21 Sep 2024
115869,69595,Sat 21 Sep 2024
115869,24334,Sat 21 Sep 2024
115869,49759,Sat 21 Sep 2024
115869,14451,Sat 21 Sep 2024
115869,20874,Sat 21 Sep 2024
115869,21584,Sat 21 Sep 2024
115869,54760,Sat 21 Sep 2024
115869,4604,Sat 21 Sep 2024
115869,3929,Sat 21 Sep 2024
115869,8980,Sat 21 Sep 2024
115869,37776,Sat 21 Sep 2024
115869,8589,Sat 21 Sep 2024
115869,125106,Sat 21 Sep 2024
115869,49796,Sat 21 Sep 2024
115869,134955,Sat 21 Sep 2024
115869,11026,Sat 21 Sep 2024
115869,33245,Sat 21 Sep 2024
115869,67191,Sat 21 Sep 2024
115869,24252,Sat 21 Sep 2024
115869,20226,Sat 21 Sep 2024
115869,69176,Sat 21 Sep 2024
115869,4845,Sat 21 Sep 2024
115869,108936,Sat 21 Sep 2024
115869,68987,Sat 21 Sep 2024
115869,23396,Sat 21 Sep 2024
115869,50848,Sat 21 Sep 2024
115869,71744,Sat 21 Sep 2024
115869,3156,Sat 21 Sep 2024
115869,9566,Sat 21 Sep 2024
115869,5793,Sat 21 Sep 2024
115869,118031,Sat 21 Sep 2024
115869,14580,Sat 21 Sep 2024
115869,75381,Sat 21 Sep 2024
115869,13565,Sat 21 Sep 2024
115869,122934,Sat 21 Sep 2024
115858,50453,Sun 15 Sep 2024
115858,67546,Sun 15 Sep 2024
115858,54989,Sun 15 Sep 2024
115858,3512,Sun 15 Sep 2024
115858,116665,Sun 15 Sep 2024
115858,25474,Sun 15 Sep 2024
115858,15572,Sun 15 Sep 2024
115858,21519,Sun 15 Sep 2024
115858,10766,Sun 15 Sep 2024
115858,14846,Sun 15 Sep 2024
115858,33032,Sun 15 Sep 2024
115858,53093,Sun 15 Sep 2024
115858,51942,Sun 15 Sep 2024
115858,123585,Sun 15 Sep 2024
115858,64370,Sun 15 Sep 2024
115858,13706,Sun 15 Sep 2024
115858,8882,Sun 15 Sep 2024
115858,74976,Sun 15 Sep 2024
115858,50498,Sun 15 Sep 2024
115858,16582,Sun 15 Sep 2024
115858,14538,Sun 15 Sep 2024
115858,54893,Sun 15 Sep 2024
115858,27277,Sun 15 Sep 2024
115858,51229,Sun 15 Sep 2024
115858,66284,Sun 15 Sep 2024
115858,119078,Sun 15 Sep 2024
115858,112203,Sun 15 Sep 2024
115858,67407,Sun 15 Sep 2024
115858,21998,Sun 15 Sep 2024
115858,49293,Sun 15 Sep 2024
115858,110526,Sun 15 Sep 2024
115858,75989,Sun 15 Sep 2024
115858,53612,Sun 15 Sep 2024
115858,13549,Sun 15 Sep 2024
115858,75212,Sun 15 Sep 2024
115858,53991,Sun 15 Sep 2024
115858,16784,Sun 15 Sep 2024
115858,50856,Sun 15 Sep 2024
115858,14801,Sun 15 Sep 2024
115858,130068,Sun 15 Sep 2024
115865,71923,Sun 15 Sep 2024
115865,126824,Sun 15 Sep 2024
115865,75582,Sun 15 Sep 2024
115865,32229,Sun 15 Sep 2024
115865,66635,Sun 15 Sep 2024
115865,49316,Sun 15 Sep 2024
115865,22802,Sun 15 Sep 2024
115865,8456,Sun 15 Sep 2024
115865,10443,Sun 15 Sep 2024
115865,49374,Sun 15 Sep 2024
115865,4999,Sun 15 Sep 2024
115865,3170,Sun 15 Sep 2024
115865,23764,Sun 15 Sep 2024
115865,69070,Sun 15 Sep 2024
115865,4408,Sun 15 Sep 2024
115865,117318,Sun 15 Sep 2024
115865,133603,Sun 15 Sep 2024
115865,117596,Sun 15 Sep 2024
115865,23599,Sun 15 Sep 2024
115865,118579,Sun 15 Sep 2024
115865,7975,Sun 15 Sep 2024
115865,14548,Sun 15 Sep 2024
115865,50234,Sun 15 Sep 2024
115865,66204,Sun 15 Sep 2024
115865,67776,Sun 15 Sep 2024
115865,66104,Sun 15 Sep 2024
115865,49481,Sun 15 Sep 2024
115865,4936,Sun 15 Sep 2024
115865,5682,Sun 15 Sep 2024
115865,20486,Sun 15 Sep 2024
115865,20810,Sun 15 Sep 2024
115865,6593,Sun 15 Sep 2024
115865,109478,Sun 15 Sep 2024
115865,127722,Sun 15 Sep 2024
115865,133114,Sun 15 Sep 2024
115865,114566,Sun 15 Sep 2024
115865,114564,Sun 15 Sep 2024
115865,4316,Sun 15 Sep 2024
115865,19680,Sun 15 Sep 2024
115865,127728,Sun 15 Sep 2024
115866,4331,Sun 15 Sep 2024
115866,71432,Sun 15 Sep 2024
115866,16642,Sun 15 Sep 2024
115866,115114,Sun 15 Sep 2024
115866,4198,Sun 15 Sep 2024
115866,126108,Sun 15 Sep 2024
115866,133679,Sun 15 Sep 2024
115866,5583,Sun 15 Sep 2024
115866,143214,Sun 15 Sep 2024
115866,51202,Sun 15 Sep 2024
115866,35670,Sun 15 Sep 2024
115866,15715,Sun 15 Sep 2024
115866,43010,Sun 15 Sep 2024
115866,4229,Sun 15 Sep 2024
115866,19814,Sun 15 Sep 2024
115866,24637,Sun 15 Sep 2024
115866,20337,Sun 15 Sep 2024
115866,108947,Sun 15 Sep 2024
115866,74608,Sun 15 Sep 2024
115866,11130,Sun 15 Sep 2024
115866,10079,Sun 15 Sep 2024
115866,108922,Sun 15 Sep 2024
115866,8707,Sun 15 Sep 2024
115866,49495,Sun 15 Sep 2024
115866,5220,Sun 15 Sep 2024
115866,20607,Sun 15 Sep 2024
115866,14897,Sun 15 Sep 2024
115866,74761,Sun 15 Sep 2024
115866,9662,Sun 15 Sep 2024
115866,23747,Sun 15 Sep 2024
115866,21737,Sun 15 Sep 2024
115866,6451,Sun 15 Sep 2024
115866,66494,Sun 15 Sep 2024
115866,21585,Sun 15 Sep 2024
115866,3905,Sun 15 Sep 2024
115866,54312,Sun 15 Sep 2024
115866,14446,Sun 15 Sep 2024
115866,71623,Sun 15 Sep 2024
115866,14716,Sun 15 Sep 2024
115866,114590,Sun 15 Sep 2024
115864,13703,Sat 14 Sep 2024
115864,19589,Sat 14 Sep 2024
115864,13815,Sat 14 Sep 2024
115864,67238,Sat 14 Sep 2024
115864,4612,Sat 14 Sep 2024
115864,74960,Sat 14 Sep 2024
115864,112917,Sat 14 Sep 2024
115864,119072,Sat 14 Sep 2024
115864,14242,Sat 14 Sep 2024
115864,14383,Sat 14 Sep 2024
115864,25281,Sat 14 Sep 2024
115864,4573,Sat 14 Sep 2024
115864,25447,Sat 14 Sep 2024
115864,8691,Sat 14 Sep 2024
115864,4618,Sat 14 Sep 2024
115864,13956,Sat 14 Sep 2024
115864,8052,Sat 14 Sep 2024
115864,112549,Sat 14 Sep 2024
115864,9199,Sat 14 Sep 2024
115864,16758,Sat 14 Sep 2024
115864,11026,Sat 14 Sep 2024
115864,67191,Sat 14 Sep 2024
115864,24252,Sat 14 Sep 2024
115864,20226,Sat 14 Sep 2024
115864,33245,Sat 14 Sep 2024
115864,69176,Sat 14 Sep 2024
115864,4845,Sat 14 Sep 2024
115864,23396,Sat 14 Sep 2024
115864,108936,Sat 14 Sep 2024
115864,13565,Sat 14 Sep 2024
115864,50848,Sat 14 Sep 2024
115864,71744,Sat 14 Sep 2024
115864,3156,Sat 14 Sep 2024
115864,9566,Sat 14 Sep 2024
115864,5793,Sat 14 Sep 2024
115864,67221,Sat 14 Sep 2024
115864,118031,Sat 14 Sep 2024
115864,68987,Sat 14 Sep 2024
115864,75381,Sat 14 Sep 2024
115864,124366,Sat 14 Sep 2024
115859,75709,Sat 14 Sep 2024
115859,4874,Sat 14 Sep 2024
115859,76090,Sat 14 Sep 2024
115859,8163,Sat 14 Sep 2024
115859,112739,Sat 14 Sep 2024
115859,134333,Sat 14 Sep 2024
115859,117732,Sat 14 Sep 2024
115859,124396,Sat 14 Sep 2024
115859,136175,Sat 14 Sep 2024
115859,51830,Sat 14 Sep 2024
115859,3452,Sat 14 Sep 2024
115859,3457,Sat 14 Sep 2024
115859,9426,Sat 14 Sep 2024
115859,21912,Sat 14 Sep 2024
115859,31904,Sat 14 Sep 2024
115859,108751,Sat 14 Sep 2024
115859,125827,Sat 14 Sep 2024
115859,50727,Sat 14 Sep 2024
115859,126317,Sat 14 Sep 2024
115859,71590,Sat 14 Sep 2024
115859,19911,Sat 14 Sep 2024
115859,13559,Sat 14 Sep 2024
115859,15154,Sat 14 Sep 2024
115859,51454,Sat 14 Sep 2024
115859,49254,Sat 14 Sep 2024
115859,8417,Sat 14 Sep 2024
115859,98300,Sat 14 Sep 2024
115859,8201,Sat 14 Sep 2024
115859,8388,Sat 14 Sep 2024
115859,10768,Sat 14 Sep 2024
115859,51813,Sat 14 Sep 2024
115859,8159,Sat 14 Sep 2024
115859,4864,Sat 14 Sep 2024
115859,15212,Sat 14 Sep 2024
115859,108613,Sat 14 Sep 2024
115859,4432,Sat 14 Sep 2024
115859,14283,Sat 14 Sep 2024
115859,33128,Sat 14 Sep 2024
115859,10874,Sat 14 Sep 2024
115859,32715,Sat 14 Sep 2024
115860,13988,Sat 14 Sep 2024
115860,14569,Sat 14 Sep 2024
115860,4604,Sat 14 Sep 2024
115860,76104,Sat 14 Sep 2024
115860,24334,Sat 14 Sep 2024
115860,76353,Sat 14 Sep 2024
115860,126670,Sat 14 Sep 2024
115860,69595,Sat 14 Sep 2024
115860,14451,Sat 14 Sep 2024
115860,21584,Sat 14 Sep 2024
115860,20874,Sat 14 Sep 2024
115860,54760,Sat 14 Sep 2024
115860,50842,Sat 14 Sep 2024
115860,3929,Sat 14 Sep 2024
115860,37776,Sat 14 Sep 2024
115860,8589,Sat 14 Sep 2024
115860,8980,Sat 14 Sep 2024
115860,49759,Sat 14 Sep 2024
115860,49796,Sat 14 Sep 2024
115860,134955,Sat 14 Sep 2024
115860,118083,Sat 14 Sep 2024
115860,66011,Sat 14 Sep 2024
115860,123722,Sat 14 Sep 2024
115860,20566,Sat 14 Sep 2024
115860,13515,Sat 14 Sep 2024
115860,21413,Sat 14 Sep 2024
115860,14458,Sat 14 Sep 2024
115860,20479,Sat 14 Sep 2024
115860,7488,Sat 14 Sep 2024
115860,5595,Sat 14 Sep 2024
115860,8979,Sat 14 Sep 2024
115860,4522,Sat 14 Sep 2024
115860,4136,Sat 14 Sep 2024
115860,5343,Sat 14 Sep 2024
115860,50247,Sat 14 Sep 2024
115860,133430,Sat 14 Sep 2024
115860,123333,Sat 14 Sep 2024
115860,13248,Sat 14 Sep 2024
115860,8192,Sat 14 Sep 2024
115860,127644,Sat 14 Sep 2024
115861,4985,Sat 14 Sep 2024
115861,14624,Sat 14 Sep 2024
115861,23793,Sat 14 Sep 2024
115861,26151,Sat 14 Sep 2024
115861,4880,Sat 14 Sep 2024
115861,14445,Sat 14 Sep 2024
115861,16044,Sat 14 Sep 2024
115861,4717,Sat 14 Sep 2024
115861,4979,Sat 14 Sep 2024
115861,10476,Sat 14 Sep 2024
115861,11071,Sat 14 Sep 2024
115861,31671,Sat 14 Sep 2024
115861,49884,Sat 14 Sep 2024
115861,6712,Sat 14 Sep 2024
115861,3894,Sat 14 Sep 2024
115861,4818,Sat 14 Sep 2024
115861,13961,Sat 14 Sep 2024
115861,21614,Sat 14 Sep 2024
115861,14450,Sat 14 Sep 2024
115861,117763,Sat 14 Sep 2024
115861,5748,Sat 14 Sep 2024
115861,13522,Sat 14 Sep 2024
115861,32638,Sat 14 Sep 2024
115861,14164,Sat 14 Sep 2024
115861,16803,Sat 14 Sep 2024
115861,8868,Sat 14 Sep 2024
115861,51364,Sat 14 Sep 2024
115861,40211,Sat 14 Sep 2024
115861,40159,Sat 14 Sep 2024
115861,25183,Sat 14 Sep 2024
115861,9595,Sat 14 Sep 2024
115861,3309,Sat 14 Sep 2024
115861,7336,Sat 14 Sep 2024
115861,63656,Sat 14 Sep 2024
115861,8897,Sat 14 Sep 2024
115861,55776,Sat 14 Sep 2024
115861,16268,Sat 14 Sep 2024
115861,136505,Sat 14 Sep 2024
115861,65961,Sat 14 Sep 2024
115861,8245,Sat 14 Sep 2024
115862,20559,Sat 14 Sep 2024
115862,5140,Sat 14 Sep 2024
115862,10458,Sat 14 Sep 2024
115862,14732,Sat 14 Sep 2024
115862,23593,Sat 14 Sep 2024
115862,33231,Sat 14 Sep 2024
115862,49909,Sat 14 Sep 2024
115862,5178,Sat 14 Sep 2024
115862,63633,Sat 14 Sep 2024
115862,66669,Sat 14 Sep 2024
115862,19758,Sat 14 Sep 2024
115862,14723,Sat 14 Sep 2024
115862,10651,Sat 14 Sep 2024
115862,51557,Sat 14 Sep 2024
115862,68582,Sat 14 Sep 2024
115862,16006,Sat 14 Sep 2024
115862,43586,Sat 14 Sep 2024
115862,23815,Sat 14 Sep 2024
115862,70287,Sat 14 Sep 2024
115862,32894,Sat 14 Sep 2024
115862,16723,Sat 14 Sep 2024
115862,10439,Sat 14 Sep 2024
115862,37221,Sat 14 Sep 2024
115862,139648,Sat 14 Sep 2024
115862,16035,Sat 14 Sep 2024
115862,15259,Sat 14 Sep 2024
115862,115172,Sat 14 Sep 2024
115862,14238,Sat 14 Sep 2024
115862,51593,Sat 14 Sep 2024
115862,4617,Sat 14 Sep 2024
115862,3756,Sat 14 Sep 2024
115862,147272,Sat 14 Sep 2024
115862,67510,Sat 14 Sep 2024
115862,23811,Sat 14 Sep 2024
115862,53085,Sat 14 Sep 2024
115862,10933,Sat 14 Sep 2024
115862,23702,Sat 14 Sep 2024
115862,15340,Sat 14 Sep 2024
115862,133025,Sat 14 Sep 2024
115862,49259,Sat 14 Sep 2024
115863,12707,Sat 14 Sep 2024
115863,4505,Sat 14 Sep 2024
115863,99281,Sat 14 Sep 2024
115863,15656,Sat 14 Sep 2024
115863,3955,Sat 14 Sep 2024
115863,5101,Sat 14 Sep 2024
115863,4260,Sat 14 Sep 2024
115863,12520,Sat 14 Sep 2024
115863,126943,Sat 14 Sep 2024
115863,4288,Sat 14 Sep 2024
115863,65970,Sat 14 Sep 2024
115863,47133,Sat 14 Sep 2024
115863,67178,Sat 14 Sep 2024
115863,16431,Sat 14 Sep 2024
115863,14805,Sat 14 Sep 2024
115863,49270,Sat 14 Sep 2024
115863,16286,Sat 14 Sep 2024
115863,5067,Sat 14 Sep 2024
115863,76204,Sat 14 Sep 2024
115863,54156,Sat 14 Sep 2024
115863,33280,Sat 14 Sep 2024
115863,20113,Sat 14 Sep 2024
115863,24659,Sat 14 Sep 2024
115863,65987,Sat 14 Sep 2024
115863,24369,Sat 14 Sep 2024
115863,22043,Sat 14 Sep 2024
115863,49731,Sat 14 Sep 2024
115863,23194,Sat 14 Sep 2024
115863,42331,Sat 14 Sep 2024
115863,66360,Sat 14 Sep 2024
115863,117497,Sat 14 Sep 2024
115863,144788,Sat 14 Sep 2024
115863,21297,Sat 14 Sep 2024
115863,3909,Sat 14 Sep 2024
115863,122142,Sat 14 Sep 2024
115863,128891,Sat 14 Sep 2024
115863,32289,Sat 14 Sep 2024
115863,128264,Sat 14 Sep 2024
115863,127594,Sat 14 Sep 2024
115863,144265,Sat 14 Sep 2024
115857,4245,Sat 14 Sep 2024
115857,107846,Sat 14 Sep 2024
115857,13274,Sat 14 Sep 2024
115857,5758,Sat 14 Sep 2024
115857,21529,Sat 14 Sep 2024
115857,108096,Sat 14 Sep 2024
115857,5865,Sat 14 Sep 2024
115857,23968,Sat 14 Sep 2024
115857,19888,Sat 14 Sep 2024
115857,51423,Sat 14 Sep 2024
115857,8658,Sat 14 Sep 2024
115857,51901,Sat 14 Sep 2024
115857,12994,Sat 14 Sep 2024
115857,51223,Sat 14 Sep 2024
115857,136672,Sat 14 Sep 2024
115857,4115,Sat 14 Sep 2024
115857,26408,Sat 14 Sep 2024
115857,134048,Sat 14 Sep 2024
115857,114470,Sat 14 Sep 2024
115857,64519,Sat 14 Sep 2024
115857,4640,Sat 14 Sep 2024
115857,24983,Sat 14 Sep 2024
115857,8143,Sat 14 Sep 2024
115857,3062,Sat 14 Sep 2024
115857,4333,Sat 14 Sep 2024
115857,24797,Sat 14 Sep 2024
115857,66538,Sat 14 Sep 2024
115857,33135,Sat 14 Sep 2024
115857,12582,Sat 14 Sep 2024
115857,31936,Sat 14 Sep 2024
115857,9576,Sat 14 Sep 2024
115857,14428,Sat 14 Sep 2024
115857,112589,Sat 14 Sep 2024
115857,112267,Sat 14 Sep 2024
115857,118112,Sat 14 Sep 2024
115857,49738,Sat 14 Sep 2024
115857,23841,Sat 14 Sep 2024
115857,134286,Sat 14 Sep 2024
115857,13823,Sat 14 Sep 2024
115857,126789,Sat 14 Sep 2024
115849,14538,Sun 1 Sep 2024
115849,68827,Sun 1 Sep 2024
115849,51229,Sun 1 Sep 2024
115849,27277,Sun 1 Sep 2024
115849,66284,Sun 1 Sep 2024
115849,63741,Sun 1 Sep 2024
115849,49293,Sun 1 Sep 2024
115849,21998,Sun 1 Sep 2024
115849,112203,Sun 1 Sep 2024
115849,67407,Sun 1 Sep 2024
115849,110526,Sun 1 Sep 2024
115849,75989,Sun 1 Sep 2024
115849,54893,Sun 1 Sep 2024
115849,13549,Sun 1 Sep 2024
115849,119078,Sun 1 Sep 2024
115849,75212,Sun 1 Sep 2024
115849,14706,Sun 1 Sep 2024
115849,53991,Sun 1 Sep 2024
115849,16784,Sun 1 Sep 2024
115849,50856,Sun 1 Sep 2024
115849,13988,Sun 1 Sep 2024
115849,50842,Sun 1 Sep 2024
115849,4604,Sun 1 Sep 2024
115849,14569,Sun 1 Sep 2024
115849,8589,Sun 1 Sep 2024
115849,24334,Sun 1 Sep 2024
115849,69595,Sun 1 Sep 2024
115849,76353,Sun 1 Sep 2024
115849,20874,Sun 1 Sep 2024
115849,21584,Sun 1 Sep 2024
115849,49759,Sun 1 Sep 2024
115849,10827,Sun 1 Sep 2024
115849,3929,Sun 1 Sep 2024
115849,138981,Sun 1 Sep 2024
115849,126670,Sun 1 Sep 2024
115849,8980,Sun 1 Sep 2024
115849,125106,Sun 1 Sep 2024
115849,112449,Sun 1 Sep 2024
115849,49796,Sun 1 Sep 2024
115849,134955,Sun 1 Sep 2024
115854,10079,Sun 1 Sep 2024
115854,66494,Sun 1 Sep 2024
115854,49495,Sun 1 Sep 2024
115854,8707,Sun 1 Sep 2024
115854,21585,Sun 1 Sep 2024
115854,14897,Sun 1 Sep 2024
115854,20607,Sun 1 Sep 2024
115854,74761,Sun 1 Sep 2024
115854,21737,Sun 1 Sep 2024
115854,23747,Sun 1 Sep 2024
115854,14716,Sun 1 Sep 2024
115854,6451,Sun 1 Sep 2024
115854,3905,Sun 1 Sep 2024
115854,4815,Sun 1 Sep 2024
115854,108922,Sun 1 Sep 2024
115854,127659,Sun 1 Sep 2024
115854,54312,Sun 1 Sep 2024
115854,71623,Sun 1 Sep 2024
115854,9662,Sun 1 Sep 2024
115854,114590,Sun 1 Sep 2024
115854,71923,Sun 1 Sep 2024
115854,32229,Sun 1 Sep 2024
115854,126824,Sun 1 Sep 2024
115854,69070,Sun 1 Sep 2024
115854,66635,Sun 1 Sep 2024
115854,117318,Sun 1 Sep 2024
115854,50245,Sun 1 Sep 2024
115854,8456,Sun 1 Sep 2024
115854,4999,Sun 1 Sep 2024
115854,118579,Sun 1 Sep 2024
115854,49316,Sun 1 Sep 2024
115854,3170,Sun 1 Sep 2024
115854,23764,Sun 1 Sep 2024
115854,4408,Sun 1 Sep 2024
115854,22802,Sun 1 Sep 2024
115854,117596,Sun 1 Sep 2024
115854,77990,Sun 1 Sep 2024
115854,133603,Sun 1 Sep 2024
115854,23599,Sun 1 Sep 2024
115854,49374,Sun 1 Sep 2024
115853,11026,Sun 1 Sep 2024
115853,20226,Sun 1 Sep 2024
115853,24252,Sun 1 Sep 2024
115853,67191,Sun 1 Sep 2024
115853,33245,Sun 1 Sep 2024
115853,13565,Sun 1 Sep 2024
115853,23396,Sun 1 Sep 2024
115853,108936,Sun 1 Sep 2024
115853,68987,Sun 1 Sep 2024
115853,5793,Sun 1 Sep 2024
115853,50848,Sun 1 Sep 2024
115853,71744,Sun 1 Sep 2024
115853,2933,Sun 1 Sep 2024
115853,9566,Sun 1 Sep 2024
115853,3156,Sun 1 Sep 2024
115853,67221,Sun 1 Sep 2024
115853,4845,Sun 1 Sep 2024
115853,75381,Sun 1 Sep 2024
115853,69176,Sun 1 Sep 2024
115853,124366,Sun 1 Sep 2024
115853,20559,Sun 1 Sep 2024
115853,10458,Sun 1 Sep 2024
115853,5140,Sun 1 Sep 2024
115853,23593,Sun 1 Sep 2024
115853,14732,Sun 1 Sep 2024
115853,66669,Sun 1 Sep 2024
115853,33231,Sun 1 Sep 2024
115853,5178,Sun 1 Sep 2024
115853,63633,Sun 1 Sep 2024
115853,49909,Sun 1 Sep 2024
115853,19758,Sun 1 Sep 2024
115853,14723,Sun 1 Sep 2024
115853,10651,Sun 1 Sep 2024
115853,51557,Sun 1 Sep 2024
115853,16006,Sun 1 Sep 2024
115853,68582,Sun 1 Sep 2024
115853,33185,Sun 1 Sep 2024
115853,43586,Sun 1 Sep 2024
115853,70287,Sun 1 Sep 2024
115853,32894,Sun 1 Sep 2024
115847,7975,Sat 31 Aug 2024
115847,50234,Sat 31 Aug 2024
115847,67776,Sat 31 Aug 2024
115847,66204,Sat 31 Aug 2024
115847,14548,Sat 31 Aug 2024
115847,4936,Sat 31 Aug 2024
115847,11419,Sat 31 Aug 2024
115847,15202,Sat 31 Aug 2024
115847,20486,Sat 31 Aug 2024
115847,20810,Sat 31 Aug 2024
115847,49481,Sat 31 Aug 2024
115847,119036,Sat 31 Aug 2024
115847,109478,Sat 31 Aug 2024
115847,69914,Sat 31 Aug 2024
115847,19620,Sat 31 Aug 2024
115847,114564,Sat 31 Aug 2024
115847,114566,Sat 31 Aug 2024
115847,5682,Sat 31 Aug 2024
115847,92734,Sat 31 Aug 2024
115847,66104,Sat 31 Aug 2024
115847,75709,Sat 31 Aug 2024
115847,4874,Sat 31 Aug 2024
115847,76090,Sat 31 Aug 2024
115847,112739,Sat 31 Aug 2024
115847,8163,Sat 31 Aug 2024
115847,136175,Sat 31 Aug 2024
115847,2100,Sat 31 Aug 2024
115847,124396,Sat 31 Aug 2024
115847,72371,Sat 31 Aug 2024
115847,117732,Sat 31 Aug 2024
115847,3452,Sat 31 Aug 2024
115847,3457,Sat 31 Aug 2024
115847,31904,Sat 31 Aug 2024
115847,21912,Sat 31 Aug 2024
115847,9426,Sat 31 Aug 2024
115847,23704,Sat 31 Aug 2024
115847,125827,Sat 31 Aug 2024
115847,134333,Sat 31 Aug 2024
115847,126317,Sat 31 Aug 2024
115847,51830,Sat 31 Aug 2024
115848,33280,Sat 31 Aug 2024
115848,24659,Sat 31 Aug 2024
115848,20113,Sat 31 Aug 2024
115848,23194,Sat 31 Aug 2024
115848,22043,Sat 31 Aug 2024
115848,49726,Sat 31 Aug 2024
115848,49731,Sat 31 Aug 2024
115848,42331,Sat 31 Aug 2024
115848,117497,Sat 31 Aug 2024
115848,127594,Sat 31 Aug 2024
115848,66360,Sat 31 Aug 2024
115848,144788,Sat 31 Aug 2024
115848,65987,Sat 31 Aug 2024
115848,21297,Sat 31 Aug 2024
115848,3909,Sat 31 Aug 2024
115848,32289,Sat 31 Aug 2024
115848,128891,Sat 31 Aug 2024
115848,144265,Sat 31 Aug 2024
115848,128264,Sat 31 Aug 2024
115848,24369,Sat 31 Aug 2024
115848,13703,Sat 31 Aug 2024
115848,25447,Sat 31 Aug 2024
115848,19589,Sat 31 Aug 2024
115848,4612,Sat 31 Aug 2024
115848,13815,Sat 31 Aug 2024
115848,67238,Sat 31 Aug 2024
115848,13956,Sat 31 Aug 2024
115848,14997,Sat 31 Aug 2024
115848,14383,Sat 31 Aug 2024
115848,9199,Sat 31 Aug 2024
115848,14242,Sat 31 Aug 2024
115848,4573,Sat 31 Aug 2024
115848,10565,Sat 31 Aug 2024
115848,8691,Sat 31 Aug 2024
115848,119072,Sat 31 Aug 2024
115848,74960,Sat 31 Aug 2024
115848,112917,Sat 31 Aug 2024
115848,4618,Sat 31 Aug 2024
115848,25281,Sat 31 Aug 2024
115848,118447,Sat 31 Aug 2024
115850,4640,Sat 31 Aug 2024
115850,8143,Sat 31 Aug 2024
115850,3600,Sat 31 Aug 2024
115850,24983,Sat 31 Aug 2024
115850,4333,Sat 31 Aug 2024
115850,33135,Sat 31 Aug 2024
115850,24797,Sat 31 Aug 2024
115850,31936,Sat 31 Aug 2024
115850,12582,Sat 31 Aug 2024
115850,66538,Sat 31 Aug 2024
115850,9576,Sat 31 Aug 2024
115850,14428,Sat 31 Aug 2024
115850,3062,Sat 31 Aug 2024
115850,112589,Sat 31 Aug 2024
115850,112267,Sat 31 Aug 2024
115850,23841,Sat 31 Aug 2024
115850,134286,Sat 31 Aug 2024
115850,13823,Sat 31 Aug 2024
115850,118112,Sat 31 Aug 2024
115850,126789,Sat 31 Aug 2024
115850,11373,Sat 31 Aug 2024
115850,54989,Sat 31 Aug 2024
115850,67546,Sat 31 Aug 2024
115850,64370,Sat 31 Aug 2024
115850,116665,Sat 31 Aug 2024
115850,25474,Sat 31 Aug 2024
115850,15572,Sat 31 Aug 2024
115850,14846,Sat 31 Aug 2024
115850,10766,Sat 31 Aug 2024
115850,21519,Sat 31 Aug 2024
115850,33032,Sat 31 Aug 2024
115850,50453,Sat 31 Aug 2024
115850,19970,Sat 31 Aug 2024
115850,3512,Sat 31 Aug 2024
115850,51942,Sat 31 Aug 2024
115850,123585,Sat 31 Aug 2024
115850,74976,Sat 31 Aug 2024
115850,13706,Sat 31 Aug 2024
115850,133890,Sat 31 Aug 2024
115850,50498,Sat 31 Aug 2024
115851,19911,Sat 31 Aug 2024
115851,13559,Sat 31 Aug 2024
115851,14203,Sat 31 Aug 2024
115851,49254,Sat 31 Aug 2024
115851,51454,Sat 31 Aug 2024
115851,8388,Sat 31 Aug 2024
115851,98300,Sat 31 Aug 2024
115851,10768,Sat 31 Aug 2024
115851,8417,Sat 31 Aug 2024
115851,33128,Sat 31 Aug 2024
115851,51813,Sat 31 Aug 2024
115851,8159,Sat 31 Aug 2024
115851,4864,Sat 31 Aug 2024
115851,15154,Sat 31 Aug 2024
115851,15212,Sat 31 Aug 2024
115851,108613,Sat 31 Aug 2024
115851,4432,Sat 31 Aug 2024
115851,10874,Sat 31 Aug 2024
115851,51703,Sat 31 Aug 2024
115851,32715,Sat 31 Aug 2024
115851,4985,Sat 31 Aug 2024
115851,14624,Sat 31 Aug 2024
115851,23793,Sat 31 Aug 2024
115851,49884,Sat 31 Aug 2024
115851,4880,Sat 31 Aug 2024
115851,16044,Sat 31 Aug 2024
115851,14445,Sat 31 Aug 2024
115851,10476,Sat 31 Aug 2024
115851,4979,Sat 31 Aug 2024
115851,4717,Sat 31 Aug 2024
115851,117763,Sat 31 Aug 2024
115851,31671,Sat 31 Aug 2024
115851,35752,Sat 31 Aug 2024
115851,26151,Sat 31 Aug 2024
115851,6712,Sat 31 Aug 2024
115851,13961,Sat 31 Aug 2024
115851,21614,Sat 31 Aug 2024
115851,4818,Sat 31 Aug 2024
115851,3894,Sat 31 Aug 2024
115851,11071,Sat 31 Aug 2024
115852,118083,Sat 31 Aug 2024
115852,20566,Sat 31 Aug 2024
115852,123722,Sat 31 Aug 2024
115852,66011,Sat 31 Aug 2024
115852,13515,Sat 31 Aug 2024
115852,20479,Sat 31 Aug 2024
115852,127644,Sat 31 Aug 2024
115852,5595,Sat 31 Aug 2024
115852,21413,Sat 31 Aug 2024
115852,7488,Sat 31 Aug 2024
115852,8979,Sat 31 Aug 2024
115852,15332,Sat 31 Aug 2024
115852,5343,Sat 31 Aug 2024
115852,20109,Sat 31 Aug 2024
115852,50247,Sat 31 Aug 2024
115852,51553,Sat 31 Aug 2024
115852,133430,Sat 31 Aug 2024
115852,123333,Sat 31 Aug 2024
115852,8192,Sat 31 Aug 2024
115852,14458,Sat 31 Aug 2024
115852,4245,Sat 31 Aug 2024
115852,107846,Sat 31 Aug 2024
115852,5758,Sat 31 Aug 2024
115852,13274,Sat 31 Aug 2024
115852,21529,Sat 31 Aug 2024
115852,20489,Sat 31 Aug 2024
115852,51423,Sat 31 Aug 2024
115852,108096,Sat 31 Aug 2024
115852,5865,Sat 31 Aug 2024
115852,23968,Sat 31 Aug 2024
115852,8658,Sat 31 Aug 2024
115852,107891,Sat 31 Aug 2024
115852,51901,Sat 31 Aug 2024
115852,136672,Sat 31 Aug 2024
115852,51223,Sat 31 Aug 2024
115852,98302,Sat 31 Aug 2024
115852,19888,Sat 31 Aug 2024
115852,26408,Sat 31 Aug 2024
115852,4115,Sat 31 Aug 2024
115852,134048,Sat 31 Aug 2024
115855,16723,Sat 31 Aug 2024
115855,23811,Sat 31 Aug 2024
115855,139648,Sat 31 Aug 2024
115855,10439,Sat 31 Aug 2024
115855,16035,Sat 31 Aug 2024
115855,23702,Sat 31 Aug 2024
115855,51593,Sat 31 Aug 2024
115855,15259,Sat 31 Aug 2024
115855,49259,Sat 31 Aug 2024
115855,108816,Sat 31 Aug 2024
115855,3756,Sat 31 Aug 2024
115855,147272,Sat 31 Aug 2024
115855,37221,Sat 31 Aug 2024
115855,16204,Sat 31 Aug 2024
115855,115172,Sat 31 Aug 2024
115855,14238,Sat 31 Aug 2024
115855,144693,Sat 31 Aug 2024
115855,146394,Sat 31 Aug 2024
115855,133025,Sat 31 Aug 2024
115855,15340,Sat 31 Aug 2024
115855,4331,Sat 31 Aug 2024
115855,92635,Sat 31 Aug 2024
115855,16642,Sat 31 Aug 2024
115855,115114,Sat 31 Aug 2024
115855,4198,Sat 31 Aug 2024
115855,71432,Sat 31 Aug 2024
115855,133679,Sat 31 Aug 2024
115855,126108,Sat 31 Aug 2024
115855,5583,Sat 31 Aug 2024
115855,35670,Sat 31 Aug 2024
115855,51202,Sat 31 Aug 2024
115855,9651,Sat 31 Aug 2024
115855,4229,Sat 31 Aug 2024
115855,43010,Sat 31 Aug 2024
115855,19814,Sat 31 Aug 2024
115855,24637,Sat 31 Aug 2024
115855,143214,Sat 31 Aug 2024
115855,108947,Sat 31 Aug 2024
115855,11130,Sat 31 Aug 2024
115855,20337,Sat 31 Aug 2024
115856,5748,Sat 31 Aug 2024
115856,32638,Sat 31 Aug 2024
115856,13522,Sat 31 Aug 2024
115856,16803,Sat 31 Aug 2024
115856,14164,Sat 31 Aug 2024
115856,40211,Sat 31 Aug 2024
115856,55776,Sat 31 Aug 2024
115856,51364,Sat 31 Aug 2024
115856,8868,Sat 31 Aug 2024
115856,40159,Sat 31 Aug 2024
115856,9595,Sat 31 Aug 2024
115856,3309,Sat 31 Aug 2024
115856,109714,Sat 31 Aug 2024
115856,7336,Sat 31 Aug 2024
115856,63656,Sat 31 Aug 2024
115856,25183,Sat 31 Aug 2024
115856,136505,Sat 31 Aug 2024
115856,146354,Sat 31 Aug 2024
115856,42569,Sat 31 Aug 2024
115856,65961,Sat 31 Aug 2024
115856,12707,Sat 31 Aug 2024
115856,16431,Sat 31 Aug 2024
115856,15656,Sat 31 Aug 2024
115856,67178,Sat 31 Aug 2024
115856,5067,Sat 31 Aug 2024
115856,12520,Sat 31 Aug 2024
115856,4288,Sat 31 Aug 2024
115856,99281,Sat 31 Aug 2024
115856,54156,Sat 31 Aug 2024
115856,65970,Sat 31 Aug 2024
115856,4260,Sat 31 Aug 2024
115856,47133,Sat 31 Aug 2024
115856,4505,Sat 31 Aug 2024
115856,3955,Sat 31 Aug 2024
115856,4499,Sat 31 Aug 2024
115856,112948,Sat 31 Aug 2024
115856,76204,Sat 31 Aug 2024
115856,49270,Sat 31 Aug 2024
115856,16286,Sat 31 Aug 2024
115856,5101,Sat 31 Aug 2024
115838,6593,Sun 25 Aug 2024
115838,67546,Sun 25 Aug 2024
115838,54989,Sun 25 Aug 2024
115838,116665,Sun 25 Aug 2024
115838,64370,Sun 25 Aug 2024
115838,21519,Sun 25 Aug 2024
115838,14846,Sun 25 Aug 2024
115838,25474,Sun 25 Aug 2024
115838,15572,Sun 25 Aug 2024
115838,10766,Sun 25 Aug 2024
115838,33032,Sun 25 Aug 2024
115838,50453,Sun 25 Aug 2024
115838,123585,Sun 25 Aug 2024
115838,51942,Sun 25 Aug 2024
115838,3512,Sun 25 Aug 2024
115838,74976,Sun 25 Aug 2024
115838,50498,Sun 25 Aug 2024
115838,133890,Sun 25 Aug 2024
115838,111987,Sun 25 Aug 2024
115838,50460,Sun 25 Aug 2024
115838,10079,Sun 25 Aug 2024
115838,8707,Sun 25 Aug 2024
115838,49495,Sun 25 Aug 2024
115838,66494,Sun 25 Aug 2024
115838,21585,Sun 25 Aug 2024
115838,74761,Sun 25 Aug 2024
115838,14897,Sun 25 Aug 2024
115838,20607,Sun 25 Aug 2024
115838,23747,Sun 25 Aug 2024
115838,9662,Sun 25 Aug 2024
115838,21737,Sun 25 Aug 2024
115838,2896,Sun 25 Aug 2024
115838,3905,Sun 25 Aug 2024
115838,127659,Sun 25 Aug 2024
115838,4815,Sun 25 Aug 2024
115838,108922,Sun 25 Aug 2024
115838,54312,Sun 25 Aug 2024
115838,14446,Sun 25 Aug 2024
115838,14716,Sun 25 Aug 2024
115838,114590,Sun 25 Aug 2024
115846,15715,Sun 25 Aug 2024
115846,4229,Sun 25 Aug 2024
115846,71432,Sun 25 Aug 2024
115846,115114,Sun 25 Aug 2024
115846,92635,Sun 25 Aug 2024
115846,126108,Sun 25 Aug 2024
115846,51202,Sun 25 Aug 2024
115846,20337,Sun 25 Aug 2024
115846,5583,Sun 25 Aug 2024
115846,133679,Sun 25 Aug 2024
115846,35670,Sun 25 Aug 2024
115846,9651,Sun 25 Aug 2024
115846,43010,Sun 25 Aug 2024
115846,4198,Sun 25 Aug 2024
115846,24637,Sun 25 Aug 2024
115846,117315,Sun 25 Aug 2024
115846,11362,Sun 25 Aug 2024
115846,19814,Sun 25 Aug 2024
115846,11130,Sun 25 Aug 2024
115846,108947,Sun 25 Aug 2024
115846,14538,Sun 25 Aug 2024
115846,66284,Sun 25 Aug 2024
115846,27277,Sun 25 Aug 2024
115846,51229,Sun 25 Aug 2024
115846,68827,Sun 25 Aug 2024
115846,67407,Sun 25 Aug 2024
115846,63741,Sun 25 Aug 2024
115846,53991,Sun 25 Aug 2024
115846,112203,Sun 25 Aug 2024
115846,49293,Sun 25 Aug 2024
115846,110526,Sun 25 Aug 2024
115846,75989,Sun 25 Aug 2024
115846,13549,Sun 25 Aug 2024
115846,53612,Sun 25 Aug 2024
115846,119078,Sun 25 Aug 2024
115846,14706,Sun 25 Aug 2024
115846,21998,Sun 25 Aug 2024
115846,50856,Sun 25 Aug 2024
115846,130068,Sun 25 Aug 2024
115846,16784,Sun 25 Aug 2024
115842,20559,Sun 25 Aug 2024
115842,23593,Sun 25 Aug 2024
115842,14732,Sun 25 Aug 2024
115842,5140,Sun 25 Aug 2024
115842,10458,Sun 25 Aug 2024
115842,49909,Sun 25 Aug 2024
115842,63633,Sun 25 Aug 2024
115842,5178,Sun 25 Aug 2024
115842,66669,Sun 25 Aug 2024
115842,33231,Sun 25 Aug 2024
115842,19758,Sun 25 Aug 2024
115842,14723,Sun 25 Aug 2024
115842,51557,Sun 25 Aug 2024
115842,16006,Sun 25 Aug 2024
115842,68582,Sun 25 Aug 2024
115842,10651,Sun 25 Aug 2024
115842,43586,Sun 25 Aug 2024
115842,33185,Sun 25 Aug 2024
115842,32894,Sun 25 Aug 2024
115842,70287,Sun 25 Aug 2024
115842,33280,Sun 25 Aug 2024
115842,21297,Sun 25 Aug 2024
115842,22043,Sun 25 Aug 2024
115842,24659,Sun 25 Aug 2024
115842,20113,Sun 25 Aug 2024
115842,23194,Sun 25 Aug 2024
115842,24369,Sun 25 Aug 2024
115842,42331,Sun 25 Aug 2024
115842,49726,Sun 25 Aug 2024
115842,66360,Sun 25 Aug 2024
115842,117497,Sun 25 Aug 2024
115842,144788,Sun 25 Aug 2024
115842,65987,Sun 25 Aug 2024
115842,3909,Sun 25 Aug 2024
115842,128891,Sun 25 Aug 2024
115842,108612,Sun 25 Aug 2024
115842,128264,Sun 25 Aug 2024
115842,127594,Sun 25 Aug 2024
115842,49731,Sun 25 Aug 2024
115842,32289,Sun 25 Aug 2024
115839,3457,Sat 24 Aug 2024
115839,4874,Sat 24 Aug 2024
115839,76090,Sat 24 Aug 2024
115839,8163,Sat 24 Aug 2024
115839,112739,Sat 24 Aug 2024
115839,136175,Sat 24 Aug 2024
115839,72371,Sat 24 Aug 2024
115839,2100,Sat 24 Aug 2024
115839,24221,Sat 24 Aug 2024
115839,117732,Sat 24 Aug 2024
115839,3452,Sat 24 Aug 2024
115839,55556,Sat 24 Aug 2024
115839,21912,Sat 24 Aug 2024
115839,23704,Sat 24 Aug 2024
115839,9426,Sat 24 Aug 2024
115839,124396,Sat 24 Aug 2024
115839,125827,Sat 24 Aug 2024
115839,134333,Sat 24 Aug 2024
115839,126317,Sat 24 Aug 2024
115839,51830,Sat 24 Aug 2024
115839,11026,Sat 24 Aug 2024
115839,33245,Sat 24 Aug 2024
115839,9566,Sat 24 Aug 2024
115839,67191,Sat 24 Aug 2024
115839,24252,Sat 24 Aug 2024
115839,13565,Sat 24 Aug 2024
115839,5793,Sat 24 Aug 2024
115839,14580,Sat 24 Aug 2024
115839,108936,Sat 24 Aug 2024
115839,69176,Sat 24 Aug 2024
115839,23396,Sat 24 Aug 2024
115839,71744,Sat 24 Aug 2024
115839,3156,Sat 24 Aug 2024
115839,20226,Sat 24 Aug 2024
115839,4845,Sat 24 Aug 2024
115839,67221,Sat 24 Aug 2024
115839,14824,Sat 24 Aug 2024
115839,50848,Sat 24 Aug 2024
115839,68987,Sat 24 Aug 2024
115839,75381,Sat 24 Aug 2024
115840,13988,Sat 24 Aug 2024
115840,50842,Sat 24 Aug 2024
115840,110549,Sat 24 Aug 2024
115840,14569,Sat 24 Aug 2024
115840,76353,Sat 24 Aug 2024
115840,24334,Sat 24 Aug 2024
115840,37776,Sat 24 Aug 2024
115840,69595,Sat 24 Aug 2024
115840,20874,Sat 24 Aug 2024
115840,21584,Sat 24 Aug 2024
115840,16788,Sat 24 Aug 2024
115840,4331,Sat 24 Aug 2024
115840,11575,Sat 24 Aug 2024
115840,3929,Sat 24 Aug 2024
115840,4604,Sat 24 Aug 2024
115840,8980,Sat 24 Aug 2024
115840,49759,Sat 24 Aug 2024
115840,126670,Sat 24 Aug 2024
115840,68086,Sat 24 Aug 2024
115840,49796,Sat 24 Aug 2024
115840,5748,Sat 24 Aug 2024
115840,16803,Sat 24 Aug 2024
115840,13522,Sat 24 Aug 2024
115840,32638,Sat 24 Aug 2024
115840,7336,Sat 24 Aug 2024
115840,51364,Sat 24 Aug 2024
115840,40159,Sat 24 Aug 2024
115840,25183,Sat 24 Aug 2024
115840,8868,Sat 24 Aug 2024
115840,55776,Sat 24 Aug 2024
115840,9595,Sat 24 Aug 2024
115840,3309,Sat 24 Aug 2024
115840,14164,Sat 24 Aug 2024
115840,8897,Sat 24 Aug 2024
115840,63656,Sat 24 Aug 2024
115840,4617,Sat 24 Aug 2024
115840,40211,Sat 24 Aug 2024
115840,8245,Sat 24 Aug 2024
115840,65961,Sat 24 Aug 2024
115840,42569,Sat 24 Aug 2024
115841,4985,Sat 24 Aug 2024
115841,4880,Sat 24 Aug 2024
115841,23793,Sat 24 Aug 2024
115841,49884,Sat 24 Aug 2024
115841,14624,Sat 24 Aug 2024
115841,16044,Sat 24 Aug 2024
115841,10476,Sat 24 Aug 2024
115841,4979,Sat 24 Aug 2024
115841,4717,Sat 24 Aug 2024
115841,14445,Sat 24 Aug 2024
115841,117763,Sat 24 Aug 2024
115841,31671,Sat 24 Aug 2024
115841,35752,Sat 24 Aug 2024
115841,6712,Sat 24 Aug 2024
115841,14656,Sat 24 Aug 2024
115841,4818,Sat 24 Aug 2024
115841,3894,Sat 24 Aug 2024
115841,13961,Sat 24 Aug 2024
115841,11071,Sat 24 Aug 2024
115841,66563,Sat 24 Aug 2024
115841,118083,Sat 24 Aug 2024
115841,13515,Sat 24 Aug 2024
115841,123722,Sat 24 Aug 2024
115841,20566,Sat 24 Aug 2024
115841,20109,Sat 24 Aug 2024
115841,127644,Sat 24 Aug 2024
115841,20479,Sat 24 Aug 2024
115841,8192,Sat 24 Aug 2024
115841,133430,Sat 24 Aug 2024
115841,7488,Sat 24 Aug 2024
115841,8979,Sat 24 Aug 2024
115841,4522,Sat 24 Aug 2024
115841,5343,Sat 24 Aug 2024
115841,66011,Sat 24 Aug 2024
115841,13248,Sat 24 Aug 2024
115841,51553,Sat 24 Aug 2024
115841,21413,Sat 24 Aug 2024
115841,50247,Sat 24 Aug 2024
115841,14458,Sat 24 Aug 2024
115841,5595,Sat 24 Aug 2024
115843,12707,Sat 24 Aug 2024
115843,67178,Sat 24 Aug 2024
115843,15656,Sat 24 Aug 2024
115843,16431,Sat 24 Aug 2024
115843,12520,Sat 24 Aug 2024
115843,4288,Sat 24 Aug 2024
115843,99281,Sat 24 Aug 2024
115843,5067,Sat 24 Aug 2024
115843,126943,Sat 24 Aug 2024
115843,65970,Sat 24 Aug 2024
115843,54156,Sat 24 Aug 2024
115843,47133,Sat 24 Aug 2024
115843,4499,Sat 24 Aug 2024
115843,4505,Sat 24 Aug 2024
115843,3955,Sat 24 Aug 2024
115843,110234,Sat 24 Aug 2024
115843,5101,Sat 24 Aug 2024
115843,49270,Sat 24 Aug 2024
115843,76204,Sat 24 Aug 2024
115843,4260,Sat 24 Aug 2024
115843,19911,Sat 24 Aug 2024
115843,14203,Sat 24 Aug 2024
115843,49254,Sat 24 Aug 2024
115843,13559,Sat 24 Aug 2024
115843,51454,Sat 24 Aug 2024
115843,15212,Sat 24 Aug 2024
115843,8417,Sat 24 Aug 2024
115843,8388,Sat 24 Aug 2024
115843,98300,Sat 24 Aug 2024
115843,4432,Sat 24 Aug 2024
115843,51813,Sat 24 Aug 2024
115843,8159,Sat 24 Aug 2024
115843,11000,Sat 24 Aug 2024
115843,13637,Sat 24 Aug 2024
115843,4864,Sat 24 Aug 2024
115843,8264,Sat 24 Aug 2024
115843,19723,Sat 24 Aug 2024
115843,108613,Sat 24 Aug 2024
115843,10874,Sat 24 Aug 2024
115843,51703,Sat 24 Aug 2024
115844,4573,Sat 24 Aug 2024
115844,25447,Sat 24 Aug 2024
115844,4612,Sat 24 Aug 2024
115844,19589,Sat 24 Aug 2024
115844,13956,Sat 24 Aug 2024
115844,67238,Sat 24 Aug 2024
115844,14997,Sat 24 Aug 2024
115844,13815,Sat 24 Aug 2024
115844,14383,Sat 24 Aug 2024
115844,9199,Sat 24 Aug 2024
115844,14242,Sat 24 Aug 2024
115844,9462,Sat 24 Aug 2024
115844,10565,Sat 24 Aug 2024
115844,8691,Sat 24 Aug 2024
115844,112917,Sat 24 Aug 2024
115844,74960,Sat 24 Aug 2024
115844,119072,Sat 24 Aug 2024
115844,66658,Sat 24 Aug 2024
115844,118447,Sat 24 Aug 2024
115844,25281,Sat 24 Aug 2024
115844,16723,Sat 24 Aug 2024
115844,16035,Sat 24 Aug 2024
115844,10439,Sat 24 Aug 2024
115844,139648,Sat 24 Aug 2024
115844,23811,Sat 24 Aug 2024
115844,49259,Sat 24 Aug 2024
115844,51593,Sat 24 Aug 2024
115844,15259,Sat 24 Aug 2024
115844,108816,Sat 24 Aug 2024
115844,23702,Sat 24 Aug 2024
115844,3756,Sat 24 Aug 2024
115844,147272,Sat 24 Aug 2024
115844,16204,Sat 24 Aug 2024
115844,10933,Sat 24 Aug 2024
115844,53085,Sat 24 Aug 2024
115844,115172,Sat 24 Aug 2024
115844,14238,Sat 24 Aug 2024
115844,146394,Sat 24 Aug 2024
115844,133025,Sat 24 Aug 2024
115844,15340,Sat 24 Aug 2024
115845,71923,Sat 24 Aug 2024
115845,66635,Sat 24 Aug 2024
115845,32229,Sat 24 Aug 2024
115845,75582,Sat 24 Aug 2024
115845,126824,Sat 24 Aug 2024
115845,50245,Sat 24 Aug 2024
115845,8456,Sat 24 Aug 2024
115845,49316,Sat 24 Aug 2024
115845,118579,Sat 24 Aug 2024
115845,49374,Sat 24 Aug 2024
115845,4999,Sat 24 Aug 2024
115845,3170,Sat 24 Aug 2024
115845,4408,Sat 24 Aug 2024
115845,69070,Sat 24 Aug 2024
115845,23764,Sat 24 Aug 2024
115845,133603,Sat 24 Aug 2024
115845,117596,Sat 24 Aug 2024
115845,117318,Sat 24 Aug 2024
115845,23599,Sat 24 Aug 2024
115845,24630,Sat 24 Aug 2024
115845,4640,Sat 24 Aug 2024
115845,112267,Sat 24 Aug 2024
115845,4333,Sat 24 Aug 2024
115845,8143,Sat 24 Aug 2024
115845,24983,Sat 24 Aug 2024
115845,33135,Sat 24 Aug 2024
115845,24797,Sat 24 Aug 2024
115845,12582,Sat 24 Aug 2024
115845,66538,Sat 24 Aug 2024
115845,13823,Sat 24 Aug 2024
115845,9576,Sat 24 Aug 2024
115845,14428,Sat 24 Aug 2024
115845,112589,Sat 24 Aug 2024
115845,10564,Sat 24 Aug 2024
115845,118112,Sat 24 Aug 2024
115845,134286,Sat 24 Aug 2024
115845,112261,Sat 24 Aug 2024
115845,16256,Sat 24 Aug 2024
115845,31936,Sat 24 Aug 2024
115845,126789,Sat 24 Aug 2024
115837,4245,Sat 24 Aug 2024
115837,13344,Sat 24 Aug 2024
115837,21529,Sat 24 Aug 2024
115837,5758,Sat 24 Aug 2024
115837,13274,Sat 24 Aug 2024
115837,20489,Sat 24 Aug 2024
115837,51423,Sat 24 Aug 2024
115837,5865,Sat 24 Aug 2024
115837,108096,Sat 24 Aug 2024
115837,23968,Sat 24 Aug 2024
115837,8658,Sat 24 Aug 2024
115837,51901,Sat 24 Aug 2024
115837,51223,Sat 24 Aug 2024
115837,12994,Sat 24 Aug 2024
115837,136672,Sat 24 Aug 2024
115837,19888,Sat 24 Aug 2024
115837,26408,Sat 24 Aug 2024
115837,4115,Sat 24 Aug 2024
115837,134048,Sat 24 Aug 2024
115837,64519,Sat 24 Aug 2024
115837,7975,Sat 24 Aug 2024
115837,14548,Sat 24 Aug 2024
115837,66204,Sat 24 Aug 2024
115837,67776,Sat 24 Aug 2024
115837,50234,Sat 24 Aug 2024
115837,4936,Sat 24 Aug 2024
115837,15202,Sat 24 Aug 2024
115837,11419,Sat 24 Aug 2024
115837,49481,Sat 24 Aug 2024
115837,66104,Sat 24 Aug 2024
115837,20810,Sat 24 Aug 2024
115837,13703,Sat 24 Aug 2024
115837,19620,Sat 24 Aug 2024
115837,69914,Sat 24 Aug 2024
115837,109478,Sat 24 Aug 2024
115837,5682,Sat 24 Aug 2024
115837,114566,Sat 24 Aug 2024
115837,20486,Sat 24 Aug 2024
115837,14451,Sat 24 Aug 2024
115837,14450,Sat 24 Aug 2024
115836,118083,Tue 20 Aug 2024
115836,20566,Tue 20 Aug 2024
115836,123722,Tue 20 Aug 2024
115836,20109,Tue 20 Aug 2024
115836,13515,Tue 20 Aug 2024
115836,7488,Tue 20 Aug 2024
115836,127644,Tue 20 Aug 2024
115836,20479,Tue 20 Aug 2024
115836,133430,Tue 20 Aug 2024
115836,8192,Tue 20 Aug 2024
115836,8979,Tue 20 Aug 2024
115836,4522,Tue 20 Aug 2024
115836,5343,Tue 20 Aug 2024
115836,66011,Tue 20 Aug 2024
115836,73896,Tue 20 Aug 2024
115836,51553,Tue 20 Aug 2024
115836,13248,Tue 20 Aug 2024
115836,50247,Tue 20 Aug 2024
115836,51519,Tue 20 Aug 2024
115836,14458,Tue 20 Aug 2024
115836,71923,Tue 20 Aug 2024
115836,126824,Tue 20 Aug 2024
115836,75582,Tue 20 Aug 2024
115836,32229,Tue 20 Aug 2024
115836,66635,Tue 20 Aug 2024
115836,8456,Tue 20 Aug 2024
115836,117318,Tue 20 Aug 2024
115836,22802,Tue 20 Aug 2024
115836,49374,Tue 20 Aug 2024
115836,4999,Tue 20 Aug 2024
115836,10443,Tue 20 Aug 2024
115836,15114,Tue 20 Aug 2024
115836,23764,Tue 20 Aug 2024
115836,69070,Tue 20 Aug 2024
115836,4408,Tue 20 Aug 2024
115836,117596,Tue 20 Aug 2024
115836,49316,Tue 20 Aug 2024
115836,133603,Tue 20 Aug 2024
115836,23599,Tue 20 Aug 2024
115836,24630,Tue 20 Aug 2024
115834,33280,Sun 18 Aug 2024
115834,20113,Sun 18 Aug 2024
115834,22043,Sun 18 Aug 2024
115834,24659,Sun 18 Aug 2024
115834,21297,Sun 18 Aug 2024
115834,42331,Sun 18 Aug 2024
115834,49726,Sun 18 Aug 2024
115834,23194,Sun 18 Aug 2024
115834,127594,Sun 18 Aug 2024
115834,66360,Sun 18 Aug 2024
115834,117497,Sun 18 Aug 2024
115834,144788,Sun 18 Aug 2024
115834,3909,Sun 18 Aug 2024
115834,49731,Sun 18 Aug 2024
115834,128264,Sun 18 Aug 2024
115834,32289,Sun 18 Aug 2024
115834,49494,Sun 18 Aug 2024
115834,108612,Sun 18 Aug 2024
115834,128891,Sun 18 Aug 2024
115834,24369,Sun 18 Aug 2024
115834,13988,Sun 18 Aug 2024
115834,26151,Sun 18 Aug 2024
115834,50842,Sun 18 Aug 2024
115834,14569,Sun 18 Aug 2024
115834,76353,Sun 18 Aug 2024
115834,8589,Sun 18 Aug 2024
115834,69595,Sun 18 Aug 2024
115834,24334,Sun 18 Aug 2024
115834,49759,Sun 18 Aug 2024
115834,21584,Sun 18 Aug 2024
115834,20874,Sun 18 Aug 2024
115834,4331,Sun 18 Aug 2024
115834,4604,Sun 18 Aug 2024
115834,110549,Sun 18 Aug 2024
115834,126670,Sun 18 Aug 2024
115834,37776,Sun 18 Aug 2024
115834,8980,Sun 18 Aug 2024
115834,5595,Sun 18 Aug 2024
115834,16788,Sun 18 Aug 2024
115834,49796,Sun 18 Aug 2024
115835,14538,Sun 18 Aug 2024
115835,27277,Sun 18 Aug 2024
115835,68827,Sun 18 Aug 2024
115835,51229,Sun 18 Aug 2024
115835,66284,Sun 18 Aug 2024
115835,16784,Sun 18 Aug 2024
115835,63741,Sun 18 Aug 2024
115835,112203,Sun 18 Aug 2024
115835,49293,Sun 18 Aug 2024
115835,99282,Sun 18 Aug 2024
115835,110526,Sun 18 Aug 2024
115835,75989,Sun 18 Aug 2024
115835,13549,Sun 18 Aug 2024
115835,53612,Sun 18 Aug 2024
115835,119078,Sun 18 Aug 2024
115835,53991,Sun 18 Aug 2024
115835,14706,Sun 18 Aug 2024
115835,130068,Sun 18 Aug 2024
115835,67407,Sun 18 Aug 2024
115835,21998,Sun 18 Aug 2024
115835,12707,Sun 18 Aug 2024
115835,67178,Sun 18 Aug 2024
115835,16431,Sun 18 Aug 2024
115835,15656,Sun 18 Aug 2024
115835,99281,Sun 18 Aug 2024
115835,12520,Sun 18 Aug 2024
115835,4288,Sun 18 Aug 2024
115835,5067,Sun 18 Aug 2024
115835,54156,Sun 18 Aug 2024
115835,65970,Sun 18 Aug 2024
115835,126943,Sun 18 Aug 2024
115835,47133,Sun 18 Aug 2024
115835,3955,Sun 18 Aug 2024
115835,4505,Sun 18 Aug 2024
115835,4499,Sun 18 Aug 2024
115835,14805,Sun 18 Aug 2024
115835,76204,Sun 18 Aug 2024
115835,49270,Sun 18 Aug 2024
115835,4260,Sun 18 Aug 2024
115835,112948,Sun 18 Aug 2024
115827,11026,Sat 17 Aug 2024
115827,33245,Sat 17 Aug 2024
115827,24252,Sat 17 Aug 2024
115827,9566,Sat 17 Aug 2024
115827,67191,Sat 17 Aug 2024
115827,69176,Sat 17 Aug 2024
115827,14580,Sat 17 Aug 2024
115827,13565,Sat 17 Aug 2024
115827,108936,Sat 17 Aug 2024
115827,5793,Sat 17 Aug 2024
115827,23396,Sat 17 Aug 2024
115827,71744,Sat 17 Aug 2024
115827,20226,Sat 17 Aug 2024
115827,3156,Sat 17 Aug 2024
115827,67221,Sat 17 Aug 2024
115827,4845,Sat 17 Aug 2024
115827,14824,Sat 17 Aug 2024
115827,68987,Sat 17 Aug 2024
115827,50848,Sat 17 Aug 2024
115827,75381,Sat 17 Aug 2024
115827,4985,Sat 17 Aug 2024
115827,23793,Sat 17 Aug 2024
115827,4880,Sat 17 Aug 2024
115827,49884,Sat 17 Aug 2024
115827,14624,Sat 17 Aug 2024
115827,10476,Sat 17 Aug 2024
115827,16044,Sat 17 Aug 2024
115827,4979,Sat 17 Aug 2024
115827,4717,Sat 17 Aug 2024
115827,14445,Sat 17 Aug 2024
115827,117763,Sat 17 Aug 2024
115827,31671,Sat 17 Aug 2024
115827,6712,Sat 17 Aug 2024
115827,35752,Sat 17 Aug 2024
115827,3894,Sat 17 Aug 2024
115827,4818,Sat 17 Aug 2024
115827,13961,Sat 17 Aug 2024
115827,128976,Sat 17 Aug 2024
115827,66563,Sat 17 Aug 2024
115827,11071,Sat 17 Aug 2024
115830,8159,Sat 17 Aug 2024
115830,13559,Sat 17 Aug 2024
115830,14203,Sat 17 Aug 2024
115830,51454,Sat 17 Aug 2024
115830,49254,Sat 17 Aug 2024
115830,8201,Sat 17 Aug 2024
115830,10874,Sat 17 Aug 2024
115830,4432,Sat 17 Aug 2024
115830,98300,Sat 17 Aug 2024
115830,8388,Sat 17 Aug 2024
115830,51813,Sat 17 Aug 2024
115830,53075,Sat 17 Aug 2024
115830,11000,Sat 17 Aug 2024
115830,4864,Sat 17 Aug 2024
115830,15212,Sat 17 Aug 2024
115830,8264,Sat 17 Aug 2024
115830,8417,Sat 17 Aug 2024
115830,19723,Sat 17 Aug 2024
115830,10768,Sat 17 Aug 2024
115830,51703,Sat 17 Aug 2024
115830,20559,Sat 17 Aug 2024
115830,14732,Sat 17 Aug 2024
115830,10458,Sat 17 Aug 2024
115830,5140,Sat 17 Aug 2024
115830,51557,Sat 17 Aug 2024
115830,5178,Sat 17 Aug 2024
115830,33231,Sat 17 Aug 2024
115830,66669,Sat 17 Aug 2024
115830,49909,Sat 17 Aug 2024
115830,63633,Sat 17 Aug 2024
115830,19758,Sat 17 Aug 2024
115830,14723,Sat 17 Aug 2024
115830,23593,Sat 17 Aug 2024
115830,68582,Sat 17 Aug 2024
115830,16006,Sat 17 Aug 2024
115830,23815,Sat 17 Aug 2024
115830,43586,Sat 17 Aug 2024
115830,33185,Sat 17 Aug 2024
115830,32894,Sat 17 Aug 2024
115830,70287,Sat 17 Aug 2024
115828,7975,Sat 17 Aug 2024
115828,14548,Sat 17 Aug 2024
115828,19620,Sat 17 Aug 2024
115828,50234,Sat 17 Aug 2024
115828,66204,Sat 17 Aug 2024
115828,4936,Sat 17 Aug 2024
115828,11419,Sat 17 Aug 2024
115828,15202,Sat 17 Aug 2024
115828,49481,Sat 17 Aug 2024
115828,66104,Sat 17 Aug 2024
115828,20810,Sat 17 Aug 2024
115828,13703,Sat 17 Aug 2024
115828,67776,Sat 17 Aug 2024
115828,69914,Sat 17 Aug 2024
115828,5682,Sat 17 Aug 2024
115828,114566,Sat 17 Aug 2024
115828,14451,Sat 17 Aug 2024
115828,14450,Sat 17 Aug 2024
115828,20486,Sat 17 Aug 2024
115828,19680,Sat 17 Aug 2024
115828,15715,Sat 17 Aug 2024
115828,92635,Sat 17 Aug 2024
115828,4229,Sat 17 Aug 2024
115828,115114,Sat 17 Aug 2024
115828,71432,Sat 17 Aug 2024
115828,108947,Sat 17 Aug 2024
115828,126108,Sat 17 Aug 2024
115828,20337,Sat 17 Aug 2024
115828,5583,Sat 17 Aug 2024
115828,133679,Sat 17 Aug 2024
115828,35670,Sat 17 Aug 2024
115828,9651,Sat 17 Aug 2024
115828,4198,Sat 17 Aug 2024
115828,43010,Sat 17 Aug 2024
115828,24637,Sat 17 Aug 2024
115828,19814,Sat 17 Aug 2024
115828,11362,Sat 17 Aug 2024
115828,51202,Sat 17 Aug 2024
115828,11130,Sat 17 Aug 2024
115828,122388,Sat 17 Aug 2024
115829,4640,Sat 17 Aug 2024
115829,3062,Sat 17 Aug 2024
115829,4333,Sat 17 Aug 2024
115829,8143,Sat 17 Aug 2024
115829,24983,Sat 17 Aug 2024
115829,13823,Sat 17 Aug 2024
115829,33135,Sat 17 Aug 2024
115829,24797,Sat 17 Aug 2024
115829,66538,Sat 17 Aug 2024
115829,12582,Sat 17 Aug 2024
115829,9576,Sat 17 Aug 2024
115829,14428,Sat 17 Aug 2024
115829,10564,Sat 17 Aug 2024
115829,112589,Sat 17 Aug 2024
115829,134286,Sat 17 Aug 2024
115829,118112,Sat 17 Aug 2024
115829,112261,Sat 17 Aug 2024
115829,126789,Sat 17 Aug 2024
115829,31936,Sat 17 Aug 2024
115829,16256,Sat 17 Aug 2024
115829,3457,Sat 17 Aug 2024
115829,4874,Sat 17 Aug 2024
115829,76090,Sat 17 Aug 2024
115829,112739,Sat 17 Aug 2024
115829,8163,Sat 17 Aug 2024
115829,117732,Sat 17 Aug 2024
115829,72239,Sat 17 Aug 2024
115829,72371,Sat 17 Aug 2024
115829,136175,Sat 17 Aug 2024
115829,2100,Sat 17 Aug 2024
115829,3452,Sat 17 Aug 2024
115829,55556,Sat 17 Aug 2024
115829,120417,Sat 17 Aug 2024
115829,9426,Sat 17 Aug 2024
115829,134333,Sat 17 Aug 2024
115829,68857,Sat 17 Aug 2024
115829,124396,Sat 17 Aug 2024
115829,24221,Sat 17 Aug 2024
115829,134334,Sat 17 Aug 2024
115829,126317,Sat 17 Aug 2024
115832,16723,Sat 17 Aug 2024
115832,16204,Sat 17 Aug 2024
115832,139648,Sat 17 Aug 2024
115832,10439,Sat 17 Aug 2024
115832,23811,Sat 17 Aug 2024
115832,49259,Sat 17 Aug 2024
115832,108816,Sat 17 Aug 2024
115832,15259,Sat 17 Aug 2024
115832,112510,Sat 17 Aug 2024
115832,23702,Sat 17 Aug 2024
115832,3756,Sat 17 Aug 2024
115832,147272,Sat 17 Aug 2024
115832,53085,Sat 17 Aug 2024
115832,10933,Sat 17 Aug 2024
115832,115172,Sat 17 Aug 2024
115832,14238,Sat 17 Aug 2024
115832,51593,Sat 17 Aug 2024
115832,133025,Sat 17 Aug 2024
115832,15340,Sat 17 Aug 2024
115832,146394,Sat 17 Aug 2024
115832,6593,Sat 17 Aug 2024
115832,3512,Sat 17 Aug 2024
115832,67546,Sat 17 Aug 2024
115832,123585,Sat 17 Aug 2024
115832,116665,Sat 17 Aug 2024
115832,133890,Sat 17 Aug 2024
115832,74976,Sat 17 Aug 2024
115832,14846,Sat 17 Aug 2024
115832,50498,Sat 17 Aug 2024
115832,10766,Sat 17 Aug 2024
115832,25474,Sat 17 Aug 2024
115832,50453,Sat 17 Aug 2024
115832,51942,Sat 17 Aug 2024
115832,64370,Sat 17 Aug 2024
115832,8882,Sat 17 Aug 2024
115832,63553,Sat 17 Aug 2024
115832,15572,Sat 17 Aug 2024
115832,111987,Sat 17 Aug 2024
115832,21519,Sat 17 Aug 2024
115832,50460,Sat 17 Aug 2024
115833,5748,Sat 17 Aug 2024
115833,16803,Sat 17 Aug 2024
115833,7336,Sat 17 Aug 2024
115833,13522,Sat 17 Aug 2024
115833,32638,Sat 17 Aug 2024
115833,8868,Sat 17 Aug 2024
115833,40159,Sat 17 Aug 2024
115833,55776,Sat 17 Aug 2024
115833,51364,Sat 17 Aug 2024
115833,25183,Sat 17 Aug 2024
115833,9595,Sat 17 Aug 2024
115833,3309,Sat 17 Aug 2024
115833,63656,Sat 17 Aug 2024
115833,14164,Sat 17 Aug 2024
115833,8897,Sat 17 Aug 2024
115833,136505,Sat 17 Aug 2024
115833,4617,Sat 17 Aug 2024
115833,42569,Sat 17 Aug 2024
115833,65961,Sat 17 Aug 2024
115833,8245,Sat 17 Aug 2024
115833,4245,Sat 17 Aug 2024
115833,13274,Sat 17 Aug 2024
115833,21529,Sat 17 Aug 2024
115833,5758,Sat 17 Aug 2024
115833,13344,Sat 17 Aug 2024
115833,51423,Sat 17 Aug 2024
115833,23968,Sat 17 Aug 2024
115833,108096,Sat 17 Aug 2024
115833,20489,Sat 17 Aug 2024
115833,5865,Sat 17 Aug 2024
115833,8658,Sat 17 Aug 2024
115833,51901,Sat 17 Aug 2024
115833,51223,Sat 17 Aug 2024
115833,136672,Sat 17 Aug 2024
115833,12994,Sat 17 Aug 2024
115833,4115,Sat 17 Aug 2024
115833,19888,Sat 17 Aug 2024
115833,26408,Sat 17 Aug 2024
115833,64519,Sat 17 Aug 2024
115833,134048,Sat 17 Aug 2024
